window,active_run_0,active_run_1,active_run_2,active_run_3,active_run_4,active_run_5,active_run_6,active_run_7,active_run_8,active_run_9,active_mean,active_std
0,0.8698209384394197,0.8630244412495098,0.8618481244281793,0.8574042608809306,0.8516533786433146,0.8583191739641877,0.8598875963926285,0.8550516272382694,0.8506077636910208,0.9015814926153444,0.8629198797542804,0.014699657770704555
50,0.8601834108951547,0.8444771420750069,0.8563167259786476,0.8344511360525595,0.8435874623597043,0.8337667670407884,0.8422871612373392,0.8360594032302218,0.8308924171913497,0.865110867779907,0.8447132493840679,0.011964202860282023
100,0.8615188048748526,0.8464486961079807,0.8581444109553139,0.8369479753636484,0.8452037740794129,0.8357358144410955,0.8443847464290394,0.8380946140741712,0.8326562704756912,0.8667605818372428,0.8465895688638447,0.01177159062902137
150,0.863436400201106,0.8491075917546506,0.8601370035193564,0.8394607843137255,0.8473164906988436,0.8383295625942684,0.8470022624434389,0.8402149321266968,0.8350930115635997,0.8685583207642031,0.848865635997989,0.011532867151305755
200,0.8639657046250453,0.8498369762106026,0.8608863663808719,0.8400555488467576,0.8473614297790121,0.8394819466248037,0.8477538944571912,0.8407800990218572,0.8356176790242724,0.8688564183069677,0.8494596063277381,0.011448488705329305
250,0.8653265163839182,0.8517023007204276,0.8623053683476645,0.8418545201022543,0.8491168951894028,0.8413316290959796,0.8495526376946316,0.8428131536137579,0.8375842435510109,0.8700325354403904,0.8511619800139438,0.011181799677434665
300,0.8675400291120815,0.8545795543612138,0.8649927219796215,0.8445582801477998,0.8517243309819729,0.8443623334453029,0.8523681558616056,0.8458179375209942,0.8408352928003583,0.8722987347441495,0.85390773709551,0.010900533698235959
350,0.8678694900605013,0.855364088159032,0.8656277009507346,0.8453165514261021,0.8521769662921348,0.8449924373379429,0.8532573465859983,0.846694036300778,0.8414271823681937,0.8728932584269663,0.8545619057908385,0.0108273883804544
400,0.8697161047907316,0.8574261559336187,0.8673416136102703,0.8470932053021605,0.8541905855338692,0.8471975785408621,0.8549211982047803,0.8487892704310614,0.8437010750443587,0.8743607139129527,0.8564737501304667,0.010636303971317323
450,0.869397334948516,0.8574601251766606,0.8673531193216233,0.8473147587320816,0.8539269129820312,0.8468604885927721,0.8551383000201898,0.8490056531395114,0.8438067837674137,0.8741924086412276,0.8564455885322028,0.010546678359337602
500,0.8701495454989737,0.8585915355292737,0.8682191379141824,0.8481575603557815,0.8546085426644512,0.8479620760433975,0.8560991105463787,0.8502590167139086,0.8447121493500146,0.8747922979180921,0.8573550972534454,0.010432071914598263
550,0.8695528609321712,0.8582559681697612,0.8677292535051155,0.8472669571807504,0.8538745737021599,0.8476458885941645,0.8555323986358468,0.849824744221296,0.8441407730200834,0.8743605532398636,0.8568183971201213,0.010468605697085819
600,0.8707609594706369,0.8595717305394726,0.8689918206047238,0.8491177281499862,0.8552982262659682,0.8491407039794137,0.856998437643599,0.851392335263303,0.8455334987593052,0.8753791011855527,0.8582184541861961,0.010287251838658348
650,0.8716981973942531,0.8606103872925218,0.8700026771372479,0.8500803141174371,0.8561484918793503,0.8501695520257005,0.8579555595216848,0.8524004997322863,0.8467115830804927,0.8759146885597001,0.8591691950740674,0.010176416331341124
700,0.872279073801058,0.8617205793079524,0.8709348712167201,0.8505333448963663,0.856885786141705,0.8510320006937819,0.8586852831497702,0.8533301534992628,0.8473246032434307,0.876506807735669,0.8599232503685716,0.010178109220254862
750,0.8722587719298245,0.8621162280701754,0.8712044534412956,0.8509615384615384,0.8572241902834008,0.8511724021592442,0.8590165317139,0.8537027665317138,0.847714237516869,0.8764760458839406,0.8601847165991903,0.010057072041101069
800,0.873553074460225,0.863845332895493,0.8724242673015351,0.8527009276742468,0.8587554387981283,0.852967736639028,0.860499958952467,0.8552663984894509,0.8494581725638289,0.8776578277645514,0.8617129135538955,0.009850877956369712
850,0.8741004317927396,0.8645450183911723,0.8729010075163921,0.8533903726211419,0.8593075323844555,0.8534103630257476,0.8612865824404285,0.8558891731968655,0.8500119942427634,0.8781584839277148,0.8623000959539422,0.009824266666224503
900,0.8751461304652793,0.8656768763151741,0.8739576026810069,0.8543176681474554,0.8603187592549294,0.8542787000233809,0.8624814901410646,0.8570454368326708,0.8509664094770477,0.8789260385005065,0.8633115111838514,0.009812676077506612
950,0.8754180602006689,0.8662967467315295,0.8745439343265431,0.8551041349954394,0.8609379750684097,0.8550281240498632,0.8632943143812709,0.857764518090605,0.8517216479173001,0.8793136211614473,0.8639423076923076,0.009663445038202857
1000,0.8768637341443514,0.8677397819152882,0.8760292263185223,0.8568726355611601,0.8624174764483348,0.8565944662858839,0.8649395445441733,0.85930198056524,0.8533491580743268,0.8806282916697574,0.8654736295527037,0.009565495587517056
1050,0.8773359408952629,0.8683724467622772,0.8766659423439085,0.8573627408373171,0.8629219180066638,0.856910039113429,0.8656200202810374,0.860078951180646,0.8539584238736782,0.881156743444879,0.8660383166739098,0.00957144804276206
1100,0.8778748850045998,0.8688875521902201,0.8773795202038073,0.8580072181728116,0.8633677729813884,0.8575649281721038,0.8661099709857759,0.860572500176916,0.8547342721675749,0.8817847286108556,0.8666283348666054,0.009559195866708604
1150,0.8377808497235248,0.8390669839714426,0.8506421922027018,0.8245520403163715,0.8246045355917967,0.8264243718065374,0.8274130328270455,0.8274042836144746,0.8229771820536151,0.8510446559809618,0.8331910128088472,0.01077151784452935
1200,0.8386129551053928,0.8399132562277579,0.8513935464002189,0.8253789693402682,0.8257639269093894,0.8273893033123461,0.8285356214070626,0.8283559745414727,0.8239760128661374,0.8516844032302218,0.8341003969340267,0.010643046178874457
1250,0.8401536453103032,0.8414507598580706,0.8527063667403093,0.8271573943897703,0.8272829216040704,0.8292244091852446,0.8304378389234786,0.8301951529758318,0.8258100689562831,0.8531917386356029,0.8357610296578966,0.010486008621255594
1300,0.8413215830166427,0.8427139300222775,0.8537462324728082,0.8286348447123575,0.828741318306906,0.8306496527322762,0.8320174289084,0.8314768706591535,0.8272343074302189,0.8545652601231818,0.8371101428384223,0.01037832520919328
1350,0.8426413036504778,0.8441730288060563,0.8550875729774812,0.8303554243921216,0.8302351318406365,0.8323041637261821,0.8337637133508692,0.8332665041380637,0.8291925963944312,0.8559937768653365,0.8387013216141657,0.010217568480191414
1400,0.8436557315233786,0.8452425842131723,0.8559420563097033,0.8318093262946205,0.8314165409753644,0.8335611488185016,0.835038021618904,0.8344409879336351,0.8305052790346907,0.8570025766716943,0.8398614253393666,0.010065281834254383
1450,0.8447681221900597,0.8464001970807415,0.8569316992055183,0.8331819301595121,0.8325891482416703,0.8349679743795035,0.8362767136786352,0.8356993286937241,0.8319809693908975,0.8580633737759438,0.8410859456796205,0.009934587227686793
1500,0.8455651491365779,0.8471123656563216,0.8575428692186934,0.83392706194904,0.8332100591715975,0.8359271223282212,0.8371724429416737,0.8364780823572032,0.8328326892887332,0.8588787586040333,0.8418646600652095,0.009901113161845882
1550,0.8462870847397407,0.8480710013619944,0.8583747853378338,0.834895185645763,0.8340957541303962,0.8369233730088234,0.8381521288565168,0.8374637294960621,0.8339403091135194,0.8595739326108841,0.8427777284301534,0.009804955386915518
1600,0.8456672670230072,0.8474828607947943,0.8578317452939809,0.834221763885661,0.833430165001162,0.8362624912851498,0.8377004415524052,0.8369378921682546,0.8333575412502905,0.8590009876830118,0.8421893155937716,0.00982341428662329
1650,0.8451559559787878,0.8471303529680104,0.8574371329189714,0.8337657524091919,0.8328747790386041,0.8358898329246736,0.8373225181045788,0.8367380395734733,0.8330743570736157,0.8586916234247591,0.8418080344414666,0.009834566227811078
1700,0.8446492554025306,0.8467276900683014,0.8568609338259993,0.833424308588064,0.8323466017243311,0.8354677527712462,0.8368813682678312,0.8363075243533759,0.8325635427163811,0.8581695778748181,0.8413398555592877,0.009800037045030872
1750,0.8455765106944519,0.8477827569142794,0.8576661901358112,0.8345933908835982,0.83343871996481,0.8365934458679276,0.8379543080222136,0.8373632264804531,0.8336517842414911,0.8591301479078464,0.8423750481112883,0.00971047988723695
1800,0.8459040082108903,0.8480782735522904,0.857923238980121,0.834924643474503,0.8336687013828868,0.8368018042350908,0.8382738223854796,0.8378416702679343,0.8339252917026794,0.8593817523768366,0.8426723206568714,0.009696567891220297
1850,0.8458950469820035,0.8483370494240059,0.8580055210489993,0.8350652970218188,0.8338310240484154,0.8370759675107501,0.8384031427509688,0.8380248978075064,0.8341030949726601,0.8595583160800552,0.8428299357647184,0.009678619726235413
1900,0.8463364993215741,0.8487827471036427,0.8583916083916084,0.8357165222836864,0.8343074835612149,0.8375887172528964,0.8389129527189229,0.8387107295689386,0.8346727898966704,0.8601072435027659,0.8433527293601921,0.009633406550938105
1950,0.8471160260686612,0.8495663775850566,0.8590791296761945,0.8367437265869554,0.835140093395597,0.8384820649663878,0.839803458716067,0.8396944116590548,0.8357109868117205,0.8609778313747626,0.8442314106840458,0.009558250793471742
2000,0.8473589238845144,0.8496365838885522,0.8592014940440138,0.8370368968302039,0.8352324348879467,0.8386457702402583,0.8400148899656773,0.840008580658187,0.8359390773268726,0.8611258328285887,0.8444200484554815,0.009524718698357082
2050,0.8478609028157124,0.8502631970998659,0.8595806227342703,0.8377365049411533,0.8358618463524856,0.8393318269851517,0.8406664349207926,0.840554700302925,0.8366005363261658,0.8615918458558871,0.8450048418334409,0.009435474115193857
2100,0.8480659270843515,0.8505033721043886,0.8595689570911935,0.838004593881341,0.8361902551070276,0.8394646173394584,0.841010165184244,0.8408085719870981,0.8367950346984655,0.8617925911445606,0.845220408562213,0.009377531785087647
2150,0.8482284600952519,0.8508262375523163,0.8598462981671237,0.8384206475200847,0.8365444749122047,0.8398818973396834,0.8413792274017414,0.8411807860682158,0.8372179727714437,0.8622095540482032,0.845573555587627,0.009350548134525528
2200,0.848753078817734,0.8514529651383099,0.8603519325502084,0.8391021693823418,0.8372904035619554,0.8406948654793482,0.8420684918529746,0.8418138973095869,0.8380660287987874,0.8627853827207276,0.8462379215611973,0.009261539029668623
2250,0.8538888101405016,0.8564832115596906,0.8675223036910085,0.8446924302754618,0.8421882315546221,0.8464062815440984,0.8465480286415045,0.8479612042489767,0.8459123143864713,0.8637466764601025,0.8515349492502438,0.008592549924088878
2300,0.8440949227373068,0.8468369378965405,0.8605991139103722,0.8350159774000834,0.8301841646212507,0.8340511585544697,0.8379104339369241,0.8386784297380324,0.8348654656601676,0.8553736550425293,0.8417610259497676,0.00990077914165642
2350,0.8439277458405572,0.8466899352130668,0.8604761687501901,0.8348693615597531,0.8301776317790553,0.8339226510934696,0.837831158560696,0.8384889132220092,0.8348199349089029,0.8551494966085714,0.841635299753627,0.009864515366097835
2400,0.8444904014746214,0.8473358659653225,0.8610480450778523,0.8355531328208124,0.8310460968993993,0.8346727060198714,0.8384454285243299,0.839168502450209,0.8355905977910655,0.8557055403198011,0.8423056317343285,0.009783100135441383
2450,0.8446565195557131,0.8475200874394423,0.8611492673992674,0.8357704123833156,0.8314353657095592,0.8350023632281697,0.8385545905707195,0.8394444936783647,0.835870111071724,0.8559132399858206,0.8425316451022097,0.009720184395239364
2500,0.8450872901469152,0.8479793677834563,0.8614587428471585,0.8363018535505758,0.8320465498915244,0.8356211505700433,0.8390465062100496,0.8398873745977664,0.8364656590806505,0.8564317331353106,0.843032622781345,0.00964701277354402
2550,0.8449299394148219,0.8477169293938611,0.8611188876446435,0.8360951991271139,0.8319963677606454,0.8355245212048125,0.8387763086111351,0.8397059034657018,0.8362674792546013,0.8562627415510954,0.8428394277428432,0.009594947251129261
2600,0.8450211669427572,0.8477378272381033,0.8611848532472497,0.8361526426821845,0.8321918050659078,0.8356818728850756,0.8388356765634513,0.8397559784224611,0.8363260841863823,0.8563355703747753,0.8429223477608346,0.009572315006767512
2650,0.8454904753924362,0.8481177727501257,0.861563250656388,0.8365925786268924,0.8327659767610748,0.8363342131724485,0.8392181302720518,0.8402446092397072,0.8368858583319368,0.856853318250377,0.8434066183453437,0.009526278402682145
2700,0.8457542815414927,0.8481706140894749,0.861580140260957,0.8367347993221179,0.8331249397208559,0.8365970184213064,0.8393250802573747,0.8403067691756568,0.8370413618264236,0.8569954807864534,0.8435630485402112,0.009465010414187186
2750,0.8460688745683445,0.8483478124915027,0.8617291377763276,0.8372811131957474,0.8336783179704705,0.8369548223074204,0.8397418903118798,0.8406391902547787,0.8373898768251895,0.8573514016912744,0.8439182437392935,0.009369776975679917
2800,0.8461370741590521,0.8484264514484294,0.8617937312992258,0.837430731661501,0.8339354479464371,0.837102000563539,0.8398157093212039,0.8406777898536141,0.8375045284385945,0.8573759878704932,0.844019945256209,0.009324161658047945
2850,0.8464717101080736,0.8487480795719434,0.862042077240941,0.8378049507310871,0.8343283137317228,0.837447353782581,0.8401425752278026,0.8409637237762237,0.8378380615596526,0.8576681367874549,0.8443454982517483,0.009289898589080902
2900,0.8472685312307955,0.8493785875861347,0.8626698178584971,0.8386403457158174,0.8352276441899084,0.838391911505119,0.840895866839263,0.8417163535088062,0.8386141947462704,0.8582764549745683,0.845107970815518,0.009193621776578434
2950,0.8470317866088259,0.8490345882717484,0.862368308931753,0.8384541147003383,0.8349778578252898,0.8382120355307666,0.8405327678363932,0.8413655201797196,0.8382281741420714,0.8579011413225915,0.8448106295349497,0.009168404030327908
3000,0.8477444567698175,0.8495852937051347,0.8629158219536139,0.8392702316745081,0.8357830011857859,0.8390407247319233,0.8411062872151883,0.8420530033533514,0.8389801603998521,0.8584882505195782,0.8454967231508753,0.009082215417527118
3050,0.8481153342400888,0.8499430129464511,0.8631696765906001,0.8396947886756336,0.8363511284066294,0.8395877411717295,0.841517744698,0.8424307969371821,0.8393642007959295,0.8587586897385522,0.8458933114200796,0.008995846287817987
3100,0.8481661876858384,0.850015240299083,0.8632058746687568,0.8397700269971012,0.8364980280919145,0.8397047114296022,0.8415646499707635,0.8425474937483671,0.8394061259781782,0.8588390624416825,0.8459717401311287,0.008978320685002551
3150,0.8481420704575068,0.8499105760011801,0.8631766723209675,0.8398403889175702,0.8366444796813924,0.8397758561349165,0.8414813653907613,0.842556911768321,0.8393671485114438,0.8587853701108734,0.8459680839294933,0.008937118695445768
3200,0.8482278419511957,0.8500634648787184,0.8632939183033924,0.8399849992104849,0.8368603408276549,0.8399971455987563,0.8415336637150944,0.8426754242126103,0.8394748509030838,0.8588392304048391,0.8460950880005832,0.008910895060009227
3250,0.8486387208297319,0.8504768678574859,0.8635734778642081,0.8404353332372996,0.8374162705272256,0.8405253649284549,0.8418908455776434,0.843043251224431,0.8398651325266493,0.8591259123211371,0.8464991176894268,0.008841269243786377
3300,0.8485921759869006,0.8504505867416559,0.8635469689958352,0.840370970229832,0.8375084540632898,0.8405697148755917,0.8419075333119758,0.843055506116589,0.8398073660105126,0.8589995728473285,0.8464808849179513,0.008807490369210334
3350,0.849346527313218,0.8498460798878686,0.8631095627394594,0.8403965723453486,0.8374513841226265,0.8406079772030268,0.8417171287165988,0.8430550608295759,0.8395625367424541,0.858533950751356,0.8463626780651532,0.008670005840240691
3400,0.8573747112759852,0.8621331892629662,0.8740036834184923,0.8476860520053195,0.8450175421712045,0.8498033614474697,0.8516538199062085,0.8518178676419123,0.8479507156855882,0.864935124588787,0.8552376067403934,0.009231392129683767
3450,0.8578281255406761,0.862496323402194,0.8743544326793314,0.8480667583653414,0.8455255804699124,0.8502943440949513,0.8520353212913941,0.8522278020000692,0.8483522353714661,0.8652429582338489,0.8556423881449184,0.009190717718931833
3500,0.8583334759102108,0.8629305108814673,0.8747401536408432,0.8484860474267724,0.8461313902956473,0.8509091414590748,0.8525238245962223,0.8527184420339445,0.8487769042567752,0.8656594323159048,0.8561209322816863,0.0091446410996554
3550,0.8585590882940201,0.862995575146367,0.8748635740634201,0.8486422975396799,0.8463219990524213,0.8510958492673187,0.8526652763206876,0.8527900690378694,0.8488347744424516,0.8657558208399607,0.8562524324004196,0.009131599156525642
3600,0.8583843810671489,0.8627809717480084,0.8746265565374574,0.8485712910892415,0.846265774586597,0.8509751372430876,0.8524877401754034,0.8525923461873202,0.8485859359309098,0.865538386222133,0.8560808520787306,0.009089905428603735
3650,0.8586604688896984,0.8629476555515084,0.8748002831219577,0.8489550564588232,0.8466205420709296,0.8513330325507467,0.8527817560184112,0.8528624706116097,0.8488743418656247,0.8657292046094242,0.8563564811748734,0.00902187173510925
3700,0.8587709671078495,0.8629285562180579,0.8747798863189622,0.849058322958983,0.8467773309526929,0.8515235961866072,0.8528524685493382,0.8529691799895164,0.8489149931201677,0.8657296307823351,0.8564304932184511,0.008967550101688098
3750,0.8588852150799052,0.862988873221174,0.8747963872410776,0.8491857515640702,0.846963232195533,0.8516088446951279,0.8528568592174787,0.8529885490615579,0.8489365538591203,0.8657685419300463,0.856497880806509,0.008942025546498589
3800,0.8593760024379289,0.8634068053506125,0.8752676509270544,0.8497856787707705,0.847534203182139,0.8521935346763329,0.8533864358118946,0.8534505918393533,0.8494348254956052,0.8661093780073138,0.8569945106499006,0.008888306537533214
3850,0.8596225276992921,0.8636216625924633,0.8754573557890727,0.8501906806565288,0.8479485459855868,0.8525121829264423,0.8537146020508588,0.8537126178608845,0.849732332772469,0.866294366487825,0.8572806874821423,0.008818234285685404
3900,0.8597697492458523,0.8636848369155354,0.875505711098542,0.8503360278406235,0.8481108990070387,0.8526259662518854,0.8537336208521871,0.8537748633107088,0.8497723809074912,0.8663420296003017,0.8573656085030166,0.008797870637546164
3950,0.8599664841830228,0.863847825748857,0.8757066705029706,0.8506631232697751,0.8484507682976143,0.8528929748981305,0.8539933201654795,0.8539699912905533,0.8500449080842328,0.8665014852717036,0.8576037551712341,0.008749429765850506
4000,0.8599687442261502,0.8637381058693108,0.8756822765905031,0.8506430144115292,0.8484585745519492,0.852867871220053,0.8539148626593582,0.8539706765412329,0.85003291094414,0.8663459613844922,0.857562299839872,0.008724837218112597
4050,0.8600929144181226,0.8637925317845057,0.8757364934906551,0.8507223924509894,0.8485958032257082,0.852963314430318,0.853950387206927,0.8539370483856215,0.8500306792890027,0.8664317128570993,0.857625327753895,0.008726680721206513
4100,0.8601146449704142,0.8637892842048063,0.875738701545707,0.8507681363965706,0.8486586387513586,0.8530229214466852,0.8539644593044318,0.8539267223161455,0.8499643385460693,0.8665233290061587,0.8576471176488347,0.008729465887771048
4150,0.8599416275523931,0.8635842999790726,0.8756119390714222,0.8506093231486741,0.8485277960477144,0.8529188092319652,0.853826908128793,0.8537073230888816,0.8497012242518461,0.8662394615683577,0.8574668712069119,0.008724524099741489
4200,0.8600976342748861,0.863738563688044,0.8758040578551549,0.8507774101379759,0.8487880840291347,0.8531664520045006,0.8540565597797122,0.853825242790312,0.8497818218155978,0.8663441182566471,0.8576379944631964,0.008714838213914037
4250,0.860197513123552,0.8638275682571337,0.8758495483738524,0.8510284392504179,0.8489627628376198,0.8532939015806915,0.8542323455233292,0.8539940687410188,0.8498773791020264,0.8664101219977125,0.8577673648787354,0.008668117229864578
4300,0.8602519317917732,0.8638531620381129,0.8759704348710202,0.851187579886126,0.8490687819544505,0.853447994132001,0.8543321882988613,0.8540979767023007,0.8499802100278874,0.8664875886009761,0.8578677848303509,0.008653988961656854
4350,0.8601164781720336,0.8636930199430198,0.8759361780195114,0.85098402112291,0.8489533871478316,0.8533312109700999,0.8541801562634895,0.8539481351981352,0.8498311102477769,0.8662614391781058,0.8577235136262914,0.00867106104651448
4400,0.8604806979528996,0.8640258809944689,0.8762357800650054,0.8513758410788619,0.8493889704624508,0.853729792723955,0.8545744354792724,0.8542608128528254,0.850151643667674,0.8665473356332325,0.8580771190910645,0.008638305793082212
4450,0.8604727534676121,0.8639977471115002,0.8761802946410916,0.8514408952230289,0.849541124043052,0.8537432201474617,0.8546807466312607,0.8542728961270092,0.8501290643803496,0.8665278327071385,0.8580986574479506,0.00859452136538482
4500,0.8616101814090844,0.8681261425959781,0.8763064266629166,0.8512480663760372,0.8522282379412177,0.854922655041485,0.8564329911404865,0.8555006328223878,0.851679791871748,0.8665623681620026,0.8594617494023344,0.008430524874873759
4550,0.8617140468227426,0.8682113991081382,0.8763914437012263,0.8513579988851727,0.8523961817168337,0.8550438963210701,0.8565600613154961,0.855594342251951,0.8517509754738016,0.8666311315496098,0.8595651477146042,0.008416122110235506
4600,0.8617953321364453,0.8682564562905677,0.8764970307968514,0.8515736776688303,0.852616351332689,0.8551878193619665,0.8567179947521062,0.8557360861759424,0.8518236431432124,0.8666779450352161,0.8596882336693827,0.008377555130457015
4650,0.8616287982480154,0.867999589378593,0.8764022721051191,0.8514597591021079,0.8525561182589652,0.8550526964139064,0.8566308513550507,0.8556207226936765,0.851611689022721,0.8664529154119901,0.8595415411990144,0.008359526254997899
4700,0.8620444987111653,0.8683591100257767,0.8767419617419617,0.8519298602631936,0.853091168091168,0.8555168905168905,0.8571340388007056,0.8560337810337811,0.8520139736806402,0.8668287884954551,0.8599694071360737,0.008310967310098408
4750,0.8618047337278107,0.8681139053254437,0.8765539268423885,0.8517596826250673,0.8528570467993545,0.8553570467993545,0.8568739913932222,0.8557941097364176,0.8517489241527704,0.8666749596557288,0.8597538327057558,0.008320639939632465
4800,0.8620810558592189,0.8683635515264633,0.8767730969204106,0.8520763898146914,0.8531949073456873,0.8557092387681643,0.857181042527663,0.8560505265964539,0.8519830689241435,0.8668970803892814,0.8600309958672178,0.008289861545601452
4850,0.8623711340206186,0.8686419508326725,0.8770162569389374,0.8524325931800159,0.8535652920962199,0.8560699180544542,0.8575066085117631,0.8563250066085117,0.8522634152788793,0.8671590007930214,0.8603351176315094,0.00825752735123795
4900,0.8625710916000524,0.8688671209540033,0.8772421700956624,0.8527735552352248,0.8539149521687853,0.856322238238763,0.8578226968942471,0.8565908793080854,0.8524800157253308,0.867364041410038,0.8605948761630193,0.00822534878590822
4950,0.8625454781704781,0.8687805353430353,0.8772342775467776,0.8527215436590437,0.8539338617463618,0.8563364085239086,0.8578488825363826,0.8565573024948026,0.8524265852390852,0.867277156964657,0.8605662032224533,0.008215031489096965
5000,0.8625911609328695,0.8688500193274064,0.8772844994201777,0.852835330498647,0.8540916119056822,0.8563773998196109,0.8579867285143666,0.8566595799510373,0.8524681097796677,0.8673450586264656,0.8606489498775931,0.008197799254438951
5050,0.8630194224380272,0.8693004088934322,0.8776891132123691,0.8533548428315871,0.8546799131101457,0.8569071045233836,0.858549067211858,0.8571345514950166,0.8529651162790697,0.8677823920265781,0.8611381932021468,0.008151094421955676
5100,0.8631200101381322,0.8693593967811432,0.8777677100494234,0.8534818147256367,0.8548453934862501,0.8570098846787481,0.8586852109998733,0.857251932581422,0.8530623495121025,0.8678488151058167,0.8612432518058547,0.008128006971563215
5150,0.8628896430367019,0.8690541729512318,0.877496857717446,0.8532736299648065,0.8546386375062847,0.856787958773253,0.8584910759175466,0.8570142031171443,0.8527193313222727,0.8675735294117647,0.8609939039718452,0.00811345558098878
5200,0.862873706520384,0.8690007480364045,0.8774398454058098,0.853324398454058,0.8546995387108839,0.8567317042762748,0.8585481860117192,0.8570009973818724,0.852607530233138,0.8675707517765865,0.860979740680713,0.008098202264400835
5250,0.8630781597823398,0.8691225575068019,0.8776224338362602,0.8535511996042543,0.8549029186247836,0.8569546129112046,0.858719391540935,0.8571265149641355,0.8527164234479346,0.8676706653475142,0.8611464877566164,0.008087920154386925
5300,0.8630744693902589,0.8690449024659552,0.8775616488774384,0.8535879033247454,0.8548993988467672,0.8569494540547171,0.8587038400196294,0.8570942215679057,0.8526591829223408,0.8675874125874127,0.8611162434057171,0.00806384999811241
5350,0.8633592989289192,0.8692605890944499,0.8778487098344694,0.8539368305744888,0.8552452531645569,0.8572803067185978,0.8590147273612464,0.857380111976631,0.8529472979552093,0.8677902872444012,0.8614063412852969,0.008033762185820798
5400,0.8632967032967034,0.8690852554039368,0.8777387996618766,0.8538998913174738,0.8551956285472768,0.8571555367709214,0.8589657046250452,0.857319768143944,0.8528468783963288,0.8676590991426156,0.8613163265306124,0.00800843039558011
5450,0.8631691828420802,0.868961778097292,0.8776425832734244,0.853899472801342,0.8551312005751259,0.8570566738557392,0.8588563383656842,0.8572340043134435,0.8527336448598131,0.8675742870836328,0.8612259166067577,0.007995154508251157
5500,0.8633812864106527,0.869136250148615,0.8778700511235287,0.8542129354416834,0.8554553560813221,0.8572922363571513,0.8591707288075141,0.8574503626203782,0.8529182023540604,0.8677083581024848,0.861459576744739,0.007966416463967091
5550,0.8638131193959416,0.8695038933459178,0.8783016753185465,0.8547233364794715,0.8559326333176026,0.8577377300613497,0.8596501887682869,0.857920599339311,0.8533465077866919,0.8680704341670601,0.861900011798018,0.007937718645064847
5600,0.8640143086351559,0.8709355848391593,0.8789736710592072,0.8548194323890687,0.8564786028038611,0.8588689865593518,0.860907967069097,0.8580809595202398,0.8544669770377968,0.867781372471659,0.8625327862384596,0.007942437026996495
5650,0.8648139722980487,0.8727801303438245,0.8803180630409928,0.8549385416423633,0.8567914304379273,0.8595931227300653,0.8619165247349961,0.8589359596525202,0.8556948624623784,0.8688585388426153,0.8634641146185732,0.008281309898678655
5700,0.8647970407076367,0.8727148265641645,0.8802770766760833,0.8549409337902716,0.8568512751045864,0.8595189992127078,0.8619088554932927,0.8589294948980379,0.8556896332144677,0.868803450964047,0.8634431586625295,0.008258965089796781
5750,0.8647947262378096,0.8727213616480124,0.8803362942704144,0.8549835099170324,0.8569140562156696,0.8595264224372382,0.8619424781472885,0.8589097201473959,0.8556662874522153,0.868803769927911,0.8634598626400987,0.008265340418109123
5800,0.8649236168141863,0.8728874859324149,0.8805210519512122,0.8551404667396659,0.8571251368738023,0.8597314421936308,0.8621333873224442,0.8590546772819905,0.855840994464215,0.8689628197524104,0.8636321079325973,0.0082633545468518
5850,0.8652308220677369,0.8731823139572624,0.8808446178000197,0.8555555241049795,0.8575265317059546,0.8601023338843473,0.8624752798472257,0.8593899783368433,0.8561791890280263,0.869317667172392,0.8639804257904787,0.008239428483710043
5900,0.8651354733324341,0.8730363672466244,0.8807991090830074,0.8554194016094951,0.8574668622338115,0.859968585622443,0.8623494844820093,0.8592773569212786,0.8560347637458977,0.8692055740382743,0.8638692978315277,0.008253725600460893
5950,0.8652628074951836,0.8731324340005803,0.8809169809496181,0.8556227823525474,0.8576767795109832,0.8601064284811022,0.8624988842025395,0.8593997567561538,0.8561425580028714,0.8692764239435258,0.8640035835695106,0.008229328125154704
6000,0.8655664731773604,0.8733692802493205,0.8812076280574265,0.8560337092343141,0.8580479919945647,0.860421374660286,0.8628316827661586,0.8597244069774311,0.8564334271239513,0.8695438046496515,0.8643179778890465,0.008196583419036708
6050,0.8654551886965386,0.8731857159616667,0.8810633473380114,0.8559447475125199,0.8579858743391772,0.8602790487084168,0.8627115366284653,0.8595907297830376,0.8563406912885038,0.8693995036038216,0.864195638386016,0.00817240451421029
6100,0.8654628780267621,0.8731321619417872,0.8810548894130666,0.8559617022670686,0.8579883406863815,0.8602816181074273,0.8627532615501099,0.8596291260792964,0.8562984136344443,0.869367364842237,0.8641929756548581,0.008160853892173699
6150,0.8656105195434205,0.8732311704365553,0.88114865939436,0.8562232981284292,0.8582049294094685,0.86044138058164,0.862966989077082,0.859802523620539,0.8564790216361967,0.8695389928650431,0.8643647484692734,0.008118631314164099
6200,0.8655631765584173,0.8731277995520716,0.8810643502167859,0.856220120165389,0.8581869849542021,0.8603638161483906,0.8629058453211589,0.8597850625951129,0.8563915030005456,0.869490176443564,0.8643098834955639,0.008100244571447346
6250,0.8654122381186602,0.8728761681743333,0.8809206211729148,0.8559282842539724,0.8579696934054732,0.8601019902625407,0.8627234768289814,0.8595851778191229,0.8560646158123223,0.8691836323717057,0.8640765898220029,0.008128835809222868
6300,0.8654350550057341,0.8728554311968172,0.8809549724617367,0.856015676988206,0.8580252976822551,0.8601464164861458,0.8627188371632049,0.859588925936938,0.8560714260431268,0.8691538709312039,0.864096590989537,0.008114979621707805
6350,0.8654373457636414,0.8727910365386371,0.8809290917016446,0.8559217094485807,0.8579667693151378,0.8600882882312824,0.8626958054741164,0.8595284673739568,0.8560201394894293,0.8690603622225503,0.8640439015558977,0.008123110141337006
6400,0.8656630565331547,0.8729544613429417,0.8811174131333446,0.856146741103849,0.8581586747947042,0.8603085197754315,0.8629017757387856,0.8597254517904028,0.8562506109993855,0.8692282379476007,0.8642454943159599,0.008107872959158368
6450,0.8655857486666251,0.8728703279859623,0.8810214276301644,0.8560410207860844,0.8580549544675863,0.8601928625427409,0.8628127969316771,0.8596102695879541,0.8561008405984062,0.8690930102716686,0.8641383259468869,0.008116737470798769
6500,0.8656954835420715,0.8729233834855813,0.8810894852505546,0.8562243383072239,0.8581773825762273,0.860325042367627,0.8629420183524161,0.8597222509265766,0.8562243383072239,0.8691989935105195,0.8642522716626022,0.008087669256976444
6550,0.8655112123887144,0.8726712138941923,0.8809513422703975,0.8560639109578261,0.8580073460477784,0.8601338335625766,0.8627778291008876,0.8595547378073398,0.855957843197635,0.8690093100121123,0.8640638579239461,0.008094203164432292
6600,0.8655214196372734,0.8726127233053269,0.8809220946515486,0.8560925476520651,0.8580188534953912,0.8601584380183266,0.8627993548957229,0.8595942266905947,0.8559319513554667,0.8689283553579683,0.8640579965059685,0.00806991235725837
6650,0.8657391462895808,0.872772786207735,0.8811084830804345,0.8563698230046664,0.858281757527873,0.860384463442799,0.8630003950487226,0.8598357846613048,0.8561393779164388,0.8691270267350067,0.8642759043914561,0.008043845496325166
6700,0.8658273960471764,0.8728250915750915,0.8812144433710368,0.856436336862161,0.858403691851494,0.8604750332085498,0.86309062579667,0.8599140099826912,0.8561604375478002,0.8691973091011552,0.8643544375343826,0.008050179511963376
6750,0.8655988638383004,0.876224942246069,0.8828028713592093,0.8595579889593974,0.8586515531938067,0.8598840192150051,0.8629057106169783,0.8629802318182601,0.8567913893618119,0.8705269365480633,0.86559245071569,0.00844771872298991
6800,0.8658082006099627,0.8763647275243542,0.8829826237509577,0.8597843915607585,0.8589115924241604,0.8601068858583759,0.8631025944773029,0.8631332065187985,0.8570129339434858,0.8707043474794187,0.8657911504147575,0.008423231771513022
6850,0.8655168852774414,0.8760295124545898,0.8826083481400164,0.8594745560824345,0.8586406191645635,0.8597468764500173,0.8627876693337557,0.8628180843358496,0.8566869857742669,0.870409810323559,0.8654719347336496,0.00840858684118547
6900,0.8654085106502604,0.87588623323466,0.8824988966009688,0.8593844439009443,0.8586155785887175,0.8597196804219059,0.8627009662120945,0.8627445399318001,0.8565577745355181,0.8703200419432192,0.8653836666020089,0.008390074109594827
6950,0.865292435068744,0.8757154449515915,0.8823894394878127,0.8593185220981356,0.8586006329715022,0.8596215998033487,0.8626223484192472,0.862685198634614,0.856425317184087,0.8701769443063292,0.8652847882925412,0.008366491293645176
7000,0.8654005756809494,0.8758035662241269,0.8825179934993018,0.8594428746297906,0.8588023809986425,0.8597891436676484,0.8627549830820859,0.8628125789340743,0.8565603063266614,0.8702542405813432,0.8654138643624624,0.008347656329920154
7050,0.8655570082527914,0.8759685031334127,0.8826456237036057,0.8595994555143651,0.8590457296217839,0.8600063026832604,0.8629390501566707,0.8629645643011608,0.8567542836179884,0.8703940073480736,0.8655874528333112,0.008323789486838751
7100,0.8656258308914832,0.8759463597016603,0.8826675008702946,0.8597513424465284,0.8592031253854651,0.8601227595053985,0.8630331068283176,0.8630543502394337,0.856861553263399,0.8704539100211337,0.8656719839153115,0.008275886833952579
7150,0.8657326188932535,0.8760184721079614,0.8827463129334722,0.8599279067486802,0.859406923022441,0.8603385645093627,0.8631818417081184,0.8632145308830982,0.8569831569025916,0.8706383787258849,0.8658188706434864,0.008242585205092155
7200,0.8656275973349143,0.8759279338547631,0.882671867427965,0.8599053385638753,0.8594092222141002,0.8603060218913877,0.8631141893337015,0.8631432930213416,0.8568738172396709,0.87058436143802,0.865756364231974,0.008231761186667698
7250,0.8657149045861093,0.8759542061758027,0.8827685231027543,0.8600189294055601,0.859566883899646,0.8604380132600015,0.8631610492837231,0.863253880057259,0.8569555138788734,0.8706709243254298,0.8658502827975159,0.008215443982704221
7300,0.8658974269828492,0.8760704189944883,0.8829114728056077,0.8602093635252555,0.8597513766350466,0.8606192116474424,0.8633263487546768,0.863409923004715,0.8571177848678457,0.8708273048440973,0.8660140632062024,0.008198936043679089
7350,0.8656756886074738,0.8758210524357113,0.8826891843038432,0.8599176887457004,0.8595349075211194,0.860370912348416,0.863053703674168,0.8631766455605353,0.8567770219620728,0.8705956899897394,0.8657612495148779,0.008218078614687846
7400,0.8655220110497822,0.875648666073047,0.8825303393408708,0.8598164578869075,0.8594491887050194,0.8602220393215823,0.862920410918728,0.863086871051526,0.856574448633838,0.8705154847556867,0.8656285917736989,0.008212002530493577
7450,0.8655494242850837,0.8756385524131699,0.8825204730737713,0.8598510416447797,0.859559507175425,0.8603192039795768,0.8629298820204652,0.8631124193683947,0.8566093621961213,0.870601046897653,0.865669091305444,0.00818952090153284
7500,0.865523642430271,0.8756220318052107,0.8825244309029057,0.8598780347711209,0.8596084658985584,0.8603767045499049,0.8629620854317933,0.8630998070591798,0.8566327649542189,0.8706477354909288,0.8656875703294092,0.008177403187617987
7550,0.8656941192959142,0.8757555918337685,0.8826652504321376,0.8600695183418378,0.8598768083593308,0.8606139078210405,0.8631113513317104,0.8633105498658168,0.8568460059071774,0.8708508956796627,0.8658793998868397,0.008147450661614765
7600,0.8657071385998364,0.8756843942626991,0.8826689570115257,0.860103297735371,0.8599497766849258,0.8606186898332943,0.8631014735440657,0.8633253046554291,0.8568335573794601,0.8708439658486617,0.8658836555555268,0.008130668639447869
7650,0.8658283826351053,0.8757435666574321,0.8827842034249598,0.8602925144416741,0.8601334764675101,0.8607696283641663,0.863253955428325,0.8634925123895714,0.8570091498137716,0.8709538302500488,0.8660261219872565,0.008098158625297183
7700,0.8660891209046233,0.8759404032959381,0.8830447517207786,0.8606255371456113,0.860487186287836,0.8611132717363862,0.8635353680897891,0.8637827419737376,0.8573338068290495,0.8712632517169532,0.8663215439700703,0.00806405372032344
7750,0.8660134281961692,0.875861765138415,0.8829872538628882,0.860628267671415,0.860502758662657,0.8610529698727669,0.86351180545343,0.8637602879354148,0.8572693169774387,0.8712122268594349,0.866280008063003,0.008049742406711238
7800,0.8662530976708539,0.8760752037593058,0.8832108760704769,0.8608591167951114,0.8607645795360868,0.8612763412316061,0.8637418729469658,0.8639738043557728,0.8574942206222317,0.8714661972576632,0.8665115310246072,0.008046772065204856
7850,0.8638034994632455,0.8744145746440704,0.8808468291888848,0.8569161585097584,0.8575909512873311,0.8578989251711456,0.8612569404114533,0.8621231169596817,0.8559856374179471,0.8683392398324622,0.863917587288598,0.008265293018590263
7900,0.8636744177399034,0.8742388185063346,0.8806908159515645,0.856764453699167,0.8574501732344089,0.8577804560089591,0.8611117186953174,0.8619696883530484,0.8558014934905858,0.8682248285154337,0.8637706864194723,0.008262781383988652
7950,0.8638374214848712,0.8743453447705879,0.880810880761401,0.8569252083587074,0.8576788230995424,0.8579773328345484,0.8613033511387956,0.8621428757851513,0.8559894428688254,0.868437135698502,0.8639447816800934,0.00823602054453861
8000,0.8638466620817329,0.8743182073774179,0.880776583964843,0.8569322251635004,0.8577470241184818,0.857977892833662,0.8613554967299908,0.862154075400533,0.8560049655697427,0.8684561965811967,0.8639569329821102,0.00821531198954563
8050,0.8639149411592657,0.8742816957142612,0.8808372976274453,0.857025725616365,0.8578408074256318,0.8580945795984378,0.8614425442595876,0.8622173021007175,0.856056337422363,0.868508378782926,0.8640219609706999,0.008190823204100006
8100,0.8641722663735286,0.8744182863399945,0.8810251206200383,0.8572764465849986,0.8581067786750616,0.858340961196277,0.8616788641185327,0.8624525218998083,0.8562830421913494,0.8687075477347386,0.8642461835734327,0.008160029865219116
8150,0.8641763118268593,0.8743396202337809,0.8809795739540266,0.8572447169618703,0.8581369208650231,0.8583543889200823,0.8616849999149271,0.8624485307879469,0.8562536156058054,0.8687184166198766,0.8642337095690198,0.008141916519523206
8200,0.8642474681884328,0.8743977165047886,0.8810730693086061,0.8572498223290129,0.8582026887542725,0.8584491014924364,0.8617635114555483,0.8624789544485431,0.8563117618193509,0.8687682958814174,0.8642942390182407,0.008150971187270048
8250,0.8644314385843864,0.874494093196237,0.8811781633374284,0.8574152684987294,0.858387640307625,0.8586253428807027,0.8619363504030426,0.8626321037308786,0.85649022684819,0.8689275406829006,0.8644518168470121,0.00812343244040319
8300,0.8643006355861282,0.8742761263975363,0.8809954935730065,0.857249928867912,0.8582395017406439,0.85843302286269,0.8617626322219991,0.8624514628104706,0.8562551256945838,0.8687832647117895,0.8642747194466761,0.008122573249783178
8350,0.8644833681520816,0.8744017695137583,0.8811253599786926,0.8574437559302849,0.8584747931683119,0.8586454189069965,0.8619965500307959,0.8626296339453665,0.8564402893146672,0.8689854427113678,0.8644626381652323,0.008094219010857386
8400,0.8645115007947283,0.8744344804463724,0.8811653531573893,0.8575304645849202,0.8585554364382928,0.8587261788469817,0.8620877346932019,0.8626656718765522,0.8565117015464089,0.8690441943441837,0.8645232716729032,0.008078216818532725
8450,0.8648048824168766,0.8746376990596645,0.8814210636826244,0.8578395953757225,0.8588776081550648,0.8589939149910248,0.8623750473461457,0.8629514352057706,0.856807243548573,0.869306625990152,0.8648015115771619,0.008053736767134353
8500,0.8649420845072728,0.8746810911086357,0.8815097341436247,0.8579954503014022,0.8590228181103393,0.8591226371052286,0.8624965191324859,0.8630749574105622,0.8569629635696501,0.8694254930546454,0.8649233748443846,0.008025829481604534
8550,0.8652580837664771,0.874924641128835,0.8817746606814072,0.8582983355873103,0.8593396118814463,0.8594409390122693,0.8628091750444006,0.8633855685724993,0.8572911744578233,0.8697090943900412,0.8652231284522509,0.008002219201456896
8600,0.8653666346559047,0.8749777140263864,0.8818706643651334,0.8584121446400207,0.859463130895653,0.859552781289507,0.8629169503063309,0.8634832166358716,0.8573723013711952,0.8697663416966515,0.8653181879882654,0.007990025414152334
8650,0.865514859406994,0.8750841421730648,0.8819999234155071,0.8585993300872258,0.8596266707511728,0.8597027513986747,0.8630513075794463,0.8636085605339954,0.8575251318059429,0.8698925197104299,0.8654605196862454,0.007974108175563209
8700,0.8655998889298774,0.8751167840187335,0.8820486422980689,0.8587108848720088,0.8597002911079745,0.8597764763905819,0.8631371495477,0.8636935025983191,0.8576102080259191,0.8699933237633924,0.8655387151552576,0.007958976671088136
8750,0.8657717936751073,0.8752069272254401,0.8821791281732165,0.8588940811832847,0.8598813484275525,0.8599391883267117,0.8633023790148867,0.8638643235524068,0.8577881424217766,0.8701524181066808,0.8656979730107064,0.007936221069695416
8800,0.8656026282580398,0.8749856146226864,0.8819570660973364,0.8586140631448618,0.8596666759262197,0.8596627075462712,0.8630864273469,0.8636400163497254,0.8575044049017428,0.8699373392806121,0.8654656943474397,0.007952867025965937
8850,0.8657441312793139,0.8750769862451243,0.8820797735419991,0.8588121614579223,0.8598682548205233,0.8598263071869621,0.8632517015934179,0.8637930728171438,0.857657367781059,0.8700659712900526,0.8656175728013519,0.00792665595059957
8900,0.8658208525798139,0.8751256913021619,0.882109905260181,0.8589031666352438,0.8599420838046756,0.8599003503645049,0.8633107088989442,0.863850297731272,0.8577223557692308,0.8701638307566616,0.8656849243102689,0.00791500797566882
8950,0.8643293114827806,0.873444313928218,0.8802441628823927,0.8569686143310533,0.8579746575574702,0.8582036415420609,0.86201230010929,0.8613532163889366,0.8559700026335479,0.8681177655807809,0.8638617986436531,0.007921289990337036
9000,0.8638302397424635,0.8736622017080157,0.8801625542959418,0.8563685002971441,0.8579083652568348,0.8577355365314011,0.8614992177226112,0.861548164203749,0.8550742340525436,0.8681126236873248,0.863590163749803,0.008140264467872489
9050,0.8638697537951269,0.8736620518336937,0.8801731553597225,0.8564434842419917,0.8579824801839726,0.857792853128674,0.8615297990297989,0.8616013401461162,0.8551389362956527,0.8681680388769942,0.8636361892891744,0.00811860818030234
9100,0.8639511089842216,0.8737127172557638,0.880210450574689,0.8565132133012928,0.8580449168197514,0.8578485225836221,0.8616164617820246,0.8616524816855942,0.8551993444377549,0.8682394071466919,0.8636988624571407,0.008111603551378478
9150,0.8640013585101444,0.873739836773982,0.880254200117419,0.8565937662133748,0.8581016100734551,0.8578955295458889,0.8616996992845634,0.8617026859588761,0.8552804828513694,0.8682942761666803,0.8637563445495753,0.008099502373877632
9200,0.8639903984132079,0.8736656443541004,0.8802278890943703,0.8566212994238029,0.8580881141729542,0.8578206486760033,0.8616946528977127,0.861693803800897,0.855228356097619,0.8682653886061397,0.8637296195536808,0.008092428171960151
9250,0.8640669938119524,0.8736804774023043,0.8802373239650819,0.8567093932604015,0.8581491028851645,0.8578487409299983,0.8617479544970648,0.8617479544970649,0.855256165235406,0.8683064908598717,0.8637750597344311,0.008077600708551
9300,0.8641323264577248,0.873664477367999,0.8802433030497165,0.8567507999683881,0.8582078101800706,0.8578820216878451,0.8617624779094383,0.8618116614624581,0.8552820193337602,0.8683400424744119,0.8638076939891812,0.008062665811618833
9350,0.8640539559196568,0.8735465651332917,0.880160959179166,0.8566809479348634,0.8580981985690287,0.8577752595225189,0.8616559661733898,0.8616848298964588,0.855175432872183,0.8682665953858201,0.8637098710586377,0.008066068685088017
9400,0.8640712600385306,0.87346768271666,0.88011230332972,0.8566509064025137,0.8580612543938084,0.8577411370368705,0.8616549775959479,0.8616449869372137,0.8551281635004604,0.868235907759578,0.8636768579711303,0.00805779857302949
9450,0.8641285796190797,0.8734657887672623,0.8801287436659674,0.8566874376538975,0.8581025491892107,0.8577707270756902,0.8616730545530467,0.8616618695379842,0.8551629615268621,0.8682925121709534,0.8637074223759953,0.008050920026566547
9500,0.86418534624207,0.8734507207158183,0.8801380169554972,0.856726914584333,0.8581549889431426,0.8578041542782041,0.8616942552163467,0.8616880712915828,0.8551986606443484,0.8682945642476804,0.8637335693119024,0.00803530386091953
9550,0.8643925518925519,0.8735650363674557,0.8802768505389473,0.8570088998516417,0.8584026300760171,0.8580108101277455,0.8618929047356467,0.861905213215697,0.855405515183741,0.8684923014560111,0.8639352713445454,0.007996445971718332
9600,0.8643593173499535,0.8734712402063826,0.8801893718528536,0.8569717408098834,0.8583677957603049,0.8579484484558056,0.8618209799415609,0.8618585456202502,0.8553645830781318,0.8684047734544581,0.8638756796529583,0.007977889886126355
9650,0.8644706641568567,0.873514880052537,0.8802746242599799,0.8570885472036099,0.8584799962938038,0.8580439493096396,0.8619131043294224,0.8619468339656623,0.8554752140003186,0.8684720962440627,0.8639679909815892,0.00796215368794354
9700,0.8645526450750756,0.873556084586749,0.8803380379899404,0.857220021970164,0.8585866858865155,0.8581401641452748,0.8619558218507679,0.8620468249230316,0.8555508233957979,0.8685577913999266,0.8640504901223244,0.007946316512044225
9750,0.8647107414062951,0.8736327282154336,0.8804616399049331,0.8574215101862048,0.8587265875086147,0.858275727977122,0.8620919318686839,0.8622014263263321,0.8556945571593273,0.8686446920951443,0.864186154264809,0.007924753728341711
9800,0.8648769714773841,0.873756332527193,0.8806165369309942,0.8576403413033827,0.8589120554008984,0.8584456800985958,0.8622552130662013,0.8623838268737949,0.855849764648752,0.8687688413218133,0.864350556364901,0.007908103401521389
9850,0.864751326397463,0.8735772931601601,0.8804772717846626,0.8575169568310665,0.8587863263815112,0.8582551293217587,0.8621350213595453,0.8622403036596766,0.8557147950345039,0.86860150808919,0.8642055932019538,0.007902009522510895
9900,0.8648388167243823,0.8735777479275529,0.8804917268831444,0.85761819815786,0.858868573270394,0.8583164234984779,0.862176708568126,0.8623013491348992,0.8557819329925962,0.8686528577620904,0.8642624334919523,0.007877412893512403
9950,0.8647824685176756,0.8734798162266728,0.8804550792115511,0.8575304313331311,0.8588026838997623,0.858233726230213,0.8620651029813381,0.862214454369595,0.8556584025565164,0.8685713709983311,0.8641793536324787,0.007891318255104335
10000,0.8649571076407079,0.8735825778205678,0.8805827713199331,0.8576672550305902,0.858950958136491,0.8583673137096659,0.8621960054179822,0.8623411299419029,0.8557877154646896,0.8686566031265094,0.8643089437609041,0.007882689534099431
10050,0.865119968179697,0.873687529948981,0.8806948085300962,0.8578388423798831,0.8591076613016884,0.8585333455478198,0.8623296235745851,0.8625140153401423,0.8559479459305402,0.8687625864018316,0.8644536327135265,0.007860284378142858
