window,original_run_0,globalLS_run_0,original_run_1,globalLS_run_1,original_run_2,globalLS_run_2,original_run_3,globalLS_run_3,original_run_4,globalLS_run_4,original_run_5,globalLS_run_5,original_run_6,globalLS_run_6,original_run_7,globalLS_run_7,original_run_8,globalLS_run_8,original_run_9,globalLS_run_9,original_mean,original_std,globalLS_mean,globalLS_std
0,0.5,0.5,0.5,0.5,0.5,0.5,0.5,0.5,0.5,0.5,0.5,0.5,0.5,0.5,0.5,0.5,0.5,0.5,0.5,0.5,0.5,0.0,0.5,0.0
50,0.5,0.5,0.5,0.5,0.5,0.5,0.5,0.5,0.5,0.5,0.5,0.5,0.5,0.5,0.5,0.5,0.5,0.5,0.5,0.5,0.5,0.0,0.5,0.0
100,0.5,0.5,0.5,0.5,0.5,0.5,0.5,0.5,0.5,0.5,0.5,0.5,0.5,0.5,0.5,0.5,0.5,0.5,0.5,0.5,0.5,0.0,0.5,0.0
150,0.39261401557285874,0.4001779755283649,0.3980867630700779,0.39906562847608457,0.40418242491657397,0.3955061179087876,0.3992880978865406,0.4004894327030034,0.397686318131257,0.38901001112347056,0.38745272525027813,0.3887430478309233,0.4040044493882092,0.4066740823136818,0.38086763070077867,0.3757508342602892,0.4056062291434928,0.4068965517241379,0.40427141268075645,0.4004894327030034,0.3974060066740823,0.008188541312229571,0.3962803114571747,0.009491777898072236
200,0.4727165685449958,0.43838519764507994,0.46280908326324643,0.4422539949537427,0.47616484440706475,0.4321278385197645,0.46709840201850295,0.42802354920100927,0.46775441547518926,0.43189234650967206,0.46376787216148024,0.4292346509671993,0.4748528174936922,0.4529520605550883,0.46200168208578635,0.447703952901598,0.46211942809083273,0.45049621530698064,0.4787384356602187,0.43687132043734234,0.4688023549201009,0.006333673095720119,0.4389941126997477,0.009016460298480427
250,0.50447599729547,0.44670723461798517,0.5052467883705207,0.4437052062204192,0.5077620013522651,0.43334685598377287,0.5035294117647059,0.4365922920892495,0.5070723461798512,0.43326572008113595,0.49283299526707236,0.4314266396213659,0.5081947261663287,0.4529006085192697,0.5010818120351589,0.45230561189993246,0.4893847194050034,0.44881676808654497,0.5168627450980392,0.44440838404327254,0.5036443542934415,0.007847149632065165,0.44234753211629485,0.008119656160368463
300,0.5288298473713963,0.4424872809496891,0.5310457885811193,0.4408366308648954,0.5289542114188808,0.43088750706613915,0.529169022046354,0.43283210853589604,0.5260825325042398,0.43066139061616737,0.5096664782362916,0.4266817410966648,0.5331938948558509,0.4491803278688525,0.5235387224420577,0.44940644431882415,0.5104578858111929,0.4466252119841719,0.5426907857546637,0.4398191068400227,0.5263629169022047,0.009975867522339874,0.43894177501413234,0.008242004395802553
350,0.5449538610976201,0.44101019912578915,0.5563186012627489,0.4380573093734823,0.5460903351141331,0.43094706168042746,0.5444681884409908,0.4351821272462361,0.5457406508013599,0.4306556580864498,0.5261194754735308,0.4203011170471103,0.5550947061680427,0.4459446333171443,0.5450315687226809,0.4464885866925692,0.5273822243807673,0.4423118018455561,0.562690626517727,0.4413016027197669,0.5453890237979602,0.011596657880383263,0.4372200097134532,0.008113914075662388
400,0.5541677309493402,0.44950191570881226,0.5641634738186463,0.4568071519795658,0.5539548744146445,0.4465389527458493,0.5523456790123458,0.4535547041294168,0.5500383141762452,0.4426394210302257,0.5344572158365262,0.43267773520647085,0.5634312473392932,0.4594976585781183,0.5569433801617709,0.4591060025542784,0.5376415495955726,0.45389527458492973,0.5762877820349085,0.45707960834397615,0.5543431247339293,0.012312853313146549,0.4511298424861644,0.008505504981221934
450,0.567540735126942,0.45552103069344446,0.5764077302008336,0.47040545661235317,0.5649261083743844,0.45649109511178476,0.5667222432739675,0.47410382720727545,0.5579689276241001,0.4574308450170519,0.5376582038651004,0.44301629405077686,0.5761652140962485,0.47395225464190976,0.567434634331186,0.471148162182645,0.5481773399014778,0.45849185297461154,0.593399014778325,0.47310344827586204,0.5656400151572565,0.015465273676930775,0.4633664266767715,0.01061553045712209
500,0.5873745305565039,0.4731171048139297,0.5959098668487538,0.4877432570843291,0.5846637077500854,0.4777603277569137,0.5855445544554455,0.4944895868897235,0.5780129737111642,0.4791532946398088,0.5545100716968249,0.46053943325367014,0.5939706384431547,0.48975076818026625,0.5885763059064526,0.4872243086377603,0.5676066917036532,0.47780129737111643,0.6139364970979857,0.49338340730624797,0.5850105838170024,0.0161129234604582,0.48209627859337656,0.010482796832200252
550,0.5885989437713576,0.4765455110282697,0.601335818577198,0.49028890959925453,0.5870767319043181,0.48447343895619754,0.5903883193538365,0.5004535570052812,0.5823547685616651,0.4808449829139484,0.5557378067722897,0.46295122708915803,0.6016464740602672,0.4917552034793414,0.5972848710779745,0.48754271512892206,0.5685368126747438,0.47874495184840005,0.6193538365952159,0.4973718546132339,0.5892314383348866,0.01787806367067837,0.4850972351662007,0.010985572530866235
600,0.5941578797378172,0.47257908235964663,0.6059219150755201,0.4874893131946423,0.5910059846110004,0.4805471644343118,0.5952636078654887,0.5013964092333998,0.5877229980051297,0.4794300370475919,0.5581989170703904,0.4627643203191792,0.6084981476204047,0.4880364776289541,0.6034368766030208,0.48220005699629526,0.572892561983471,0.47516671416357936,0.6252550584212027,0.49362211456255345,0.5942353946993446,0.018841253630668183,0.4823231689940154,0.011010277009496262
650,0.6002895498815478,0.47887338773361415,0.614861805738352,0.49413003421953156,0.5983574624901289,0.4901184522242695,0.6029534087917874,0.5114609107659911,0.596872861279284,0.4903606212161095,0.5642326928138984,0.47297709923664116,0.6155777836272703,0.4998578573308765,0.6123137667807318,0.49307712555935773,0.581363516714925,0.48624374835483025,0.6331403000789682,0.503848381152935,0.6019963148196894,0.01921081404619931,0.49209476177941563,0.011352951029943686
700,0.6036732697481046,0.48945952555637084,0.6186109073123013,0.5024113475177305,0.6002739056003914,0.5025189532893128,0.6057666911225239,0.5221521154316459,0.5990413303986305,0.49904622157006606,0.5681095622401565,0.48383467840547817,0.6178283198826118,0.5080068476400097,0.6168207385668867,0.5032428466617755,0.5843482514062117,0.4945463438493519,0.632560528246515,0.5166153093665933,0.6047033504524333,0.018546769754843075,0.5021834189288336,0.011590073386009763
750,0.6058689198447134,0.4974103676638502,0.6182050696506052,0.5079424526147521,0.6005298013245033,0.5084539849280657,0.6062434345741038,0.5277917332724366,0.598100022836264,0.5020415620004568,0.5682667275633706,0.4886686458095456,0.6179721397579356,0.5102808860470427,0.6183466544873258,0.5053573875313998,0.5860424754510162,0.49697191139529573,0.6333272436629367,0.5248595569764787,0.6052902489152775,0.018562172714110033,0.5069778488239323,0.012114582500521751
800,0.6062411651317199,0.5026515313771686,0.6188734204326407,0.5106275433711718,0.6006768044549153,0.5126236881559221,0.6070036410366245,0.5303919468837011,0.5976354679802955,0.5060012850717499,0.5672735061040908,0.49456414649817954,0.6205568644249304,0.5138145213107731,0.6233069179695866,0.5097965303062755,0.5868408652816448,0.4998243735275219,0.6354893981580638,0.5303148425787106,0.6063898050974512,0.01975247614297499,0.5110610409081174,0.011789517147791067
850,0.6161040532365396,0.5083928211332931,0.6281427707199032,0.5168784029038113,0.6103730590844928,0.5200322645694697,0.6187094172212139,0.5395281306715064,0.6071304698527928,0.5151441822948175,0.5754950594878,0.5010042347247429,0.6265093768905021,0.5194676346037507,0.6328090340794515,0.517733413994757,0.5944504940512201,0.5063278886872353,0.6419399072393628,0.5377293809235733,0.6151663641863279,0.019519451897308696,0.5182238354506958,0.012406847382855371
900,0.6182549056963231,0.5128443513050105,0.6313431129738998,0.520944941893694,0.6120937321394551,0.5254943798818823,0.6211125928748333,0.544964755191465,0.6091522194703753,0.5208077729091256,0.57886835587731,0.5063059630405791,0.630577252810059,0.5256315488664507,0.6367422366164984,0.5231625071442179,0.5975995427700515,0.5137435702038483,0.6453610211468851,0.5427624309392265,0.6181104972375692,0.019738246645849795,0.5236662221375499,0.012284939756170043
950,0.6149160498284889,0.5187723415779022,0.6280122765842209,0.5226719624480951,0.6083914063910454,0.5248889691280014,0.6199422278389601,0.545751940783535,0.6050622856111212,0.5267737858819281,0.5775049647950894,0.5078389601011013,0.6283986279111753,0.529691280014443,0.6329265210326773,0.5235168803033037,0.5969597400252753,0.5198339050370103,0.6424083769633508,0.5472034663296624,0.6154522476981403,0.019199448954713063,0.5266943491604982,0.011961458870614932
1000,0.617515868931206,0.5262789500772002,0.6315594441585177,0.5286601475381711,0.6109246869102762,0.5303551209469892,0.623287013209813,0.5513055412592212,0.6084336936009608,0.5322353748498885,0.577793789672328,0.5130279636301253,0.6309933093154915,0.5354743523760508,0.6346783324755533,0.529655172413793,0.598977526162292,0.5283719334362669,0.6453834276891405,0.5531171727569052,0.6179547092125579,0.019801341175965593,0.5328481729284611,0.01177927257869332
1050,0.618908318352672,0.5323484229449257,0.6340840006537016,0.5349174701748651,0.6106487988233371,0.5332113090374244,0.6239875796698807,0.5562019937898349,0.6091779702565778,0.5370681483902598,0.5788200686386664,0.5170321948030725,0.6294655989540774,0.5407223402516752,0.6345710083346954,0.532106553358392,0.5999411668573296,0.535858800457591,0.6449714005556464,0.5572283052786403,0.6184575911096585,0.01949315806279357,0.5376695538486681,0.011792502406823661
1100,0.6179091902012794,0.5359525667030738,0.6347324075518801,0.5371820876891871,0.6091621157746918,0.5351162427835856,0.6228834451552504,0.5578342955219223,0.6103604306444063,0.5402215634264316,0.5765517241379311,0.5201747542518333,0.6292931814635667,0.543579341550944,0.6364019347792167,0.5346855983772819,0.5985145888594164,0.5401529099703541,0.6458324231549384,0.5607739116866906,0.6181641441722577,0.02048978954132737,0.5405673271961304,0.011684461305608644
1150,0.6241558441558441,0.5429765636662188,0.64106881624123,0.5432572025675474,0.6160740409016271,0.5413763248246007,0.6285982982534707,0.5617495148529632,0.6160262725779966,0.5461412151067323,0.5830064188684878,0.5250455291834603,0.6344797731004628,0.5497417525003732,0.6436035229138677,0.5398417674279743,0.604549932825795,0.544726078519182,0.6519211822660098,0.5672548141513658,0.624348410210479,0.020467305535788616,0.5462110762800418,0.011690777433194594
1200,0.6294777507511804,0.5486163971955931,0.6452825869223064,0.5477407354414079,0.622389469165832,0.5481241951638289,0.6324824724567176,0.5681728430390613,0.6194534268135642,0.5531263413936185,0.5893890399198741,0.5288653598511948,0.6387952496780656,0.5541336385749034,0.6479238803834597,0.5435341250536557,0.6100844183717269,0.5520045786235512,0.6554900558019745,0.5721562455286879,0.6290768350264703,0.019705797924567774,0.5516474459865502,0.012128514615428514
1250,0.6304794614644869,0.5551421898612448,0.6469295232861656,0.5545157301827175,0.6214480010990521,0.5543014150295369,0.6322819068553373,0.5727105371616981,0.6205302926226131,0.5596812749003984,0.590207446077758,0.5346668498420113,0.6395081741997527,0.5594175024041764,0.6494875669734853,0.5475971974172277,0.6116444566561341,0.5579887347163072,0.6563181755735679,0.5772935842835555,0.6298835004808353,0.019826784325776812,0.5573315015798873,0.011905416440439187
1300,0.6324455013872373,0.5597357643017572,0.6484978200554895,0.559820319725195,0.6224811732065002,0.5597938961553706,0.6337772493063814,0.5795798652397939,0.620166468489893,0.5654696789536267,0.5907147575637468,0.5403778570484872,0.6399815035011229,0.5645977011494252,0.6494675650680406,0.55059849385652,0.613343902761263,0.5641907781741313,0.6568978729026291,0.581677896683842,0.6307773814242305,0.019811537695368617,0.5625842251288149,0.012150447608469343
1350,0.6337829240361368,0.5650031810662934,0.6489018959155108,0.562682275098613,0.6241608347117954,0.5636187810153963,0.634663443186156,0.582353989057132,0.621753403740934,0.571176994528566,0.5929609365059167,0.5442524494210459,0.6398600330830895,0.5688560885608857,0.6511591805573227,0.5548593968698308,0.615554141748314,0.5681231708868812,0.6556483013105994,0.586227255376002,0.6318445094795775,0.01898760272229641,0.5667153581880646,0.012136647707732264
1400,0.6356338201006259,0.5705190820959627,0.6497337096576268,0.5705976193397964,0.6249306663394281,0.5699251441894712,0.6353049453920727,0.5879838016934593,0.6232372070192662,0.5800809915327034,0.5934077800957172,0.55030555896429,0.641092158547061,0.5772487421769541,0.6523966130813597,0.5584636151675052,0.6167431586697754,0.5739943551355994,0.6563038409620812,0.5912087372683765,0.6328783899865014,0.01905884047596644,0.5730327647564117,0.012351194034827066
1450,0.6349780779713237,0.5736698660978788,0.6498921673184026,0.575087095627444,0.623524114231544,0.5744993482640124,0.6348406209266501,0.5925867993838132,0.622855788600545,0.5863964924754117,0.5910747718924043,0.5541272662637753,0.6424955563455386,0.5827515108425169,0.6545585969901647,0.5637634790851997,0.6158407394241023,0.577987913259865,0.6547150136272071,0.5957625311055813,0.6324775447327882,0.019892095923957576,0.5776632302405499,0.012615254231665101
1500,0.6410654141367855,0.5769870546454348,0.6555252606255012,0.5784946729293161,0.6291992209875128,0.5765792186962997,0.6389574979951884,0.5956558597777524,0.6279528010081338,0.5919349295451942,0.5969206094627104,0.5594592736854165,0.6466559743384122,0.5874120746935502,0.658689426051094,0.5673364646580364,0.6217115362584489,0.5822293504410585,0.6592622293504411,0.5999220987512889,0.6375939970214228,0.01944248177417423,0.5816010997823348,0.012578837235267858
1550,0.6437897771371549,0.5810533318549728,0.6593591307240271,0.5829205011642089,0.631670916953099,0.581709723916177,0.6422552389400156,0.6001197472003547,0.6310145248918949,0.5965894223306353,0.5989577558487638,0.5628694977270207,0.6504157888901207,0.5904113538086262,0.6611797316775696,0.5715755627009647,0.6243619026499612,0.5852400487858964,0.6620312673245371,0.6033174409579776,0.6405036035037145,0.0197575948941398,0.5855806630446835,0.012583586556257716
1600,0.6470447953593297,0.5868600279299604,0.6623052959501559,0.5872252658717371,0.6341690836824578,0.584634224943603,0.6447846170372757,0.6045934042324631,0.6330733698571276,0.6005757868729187,0.6007132882157052,0.5671973359114835,0.6534643893006769,0.5958448812976689,0.6641637125362553,0.5767966484047695,0.6280631646793425,0.588621763884413,0.6645074658932216,0.6075797615211086,0.6432289182511547,0.01999858610658182,0.5899929100870127,0.01251916086395407
1650,0.648244608813418,0.5913032607563288,0.66318991561621,0.5923408688405042,0.6361454318158142,0.5882654443171165,0.6465611001145952,0.6081550161475153,0.6335701635587041,0.6041462652359622,0.6021668923846235,0.5685092197103865,0.6543785811021982,0.5996374622356496,0.6654505677674758,0.5837899781227212,0.6299656214188978,0.5927950828211273,0.6653297218460257,0.6097676841337639,0.6445002604437962,0.019806209564335275,0.5938710282321075,0.012391449498903891
1700,0.6491273131762564,0.597459803822429,0.6642693902315704,0.5996400040448984,0.6368409343715239,0.5947659015067247,0.647400141571443,0.6142016381838407,0.6346769137425423,0.6101082010314491,0.6037577105875216,0.57547982606937,0.654632419860451,0.606326221053696,0.6669410456062291,0.5912751542117504,0.6315097583173223,0.599093942764688,0.6653028617655982,0.6170047527555871,0.6454458489230458,0.01953505592483136,0.6005355445444434,0.01221264212373229
1750,0.6493820611061991,0.6010963748894783,0.6660261322330288,0.6037881913743983,0.6365969152176049,0.5989782886334613,0.6464701837115631,0.6176127320954906,0.6349228804401218,0.6131761469692504,0.6028647214854111,0.5799665978976323,0.6551232930543275,0.6098516553688966,0.6685273602514982,0.595524118282739,0.6321996266823853,0.6024717555752038,0.6662049317221731,0.6207171627861283,0.6458318105904313,0.02020341375127688,0.604318302387268,0.011868138446314047
1800,0.6499245391154838,0.6040729773617346,0.6681172986913746,0.6073244818034196,0.638043748208998,0.6019524309867227,0.6466768554780782,0.6208692329735409,0.635338618779253,0.6173197057980705,0.6035304231540739,0.5838150730728818,0.656595663387143,0.6128684688126851,0.6702244722514089,0.6003362307765785,0.6328856624319419,0.6060865412169262,0.667863215206801,0.6244034769318942,0.6469200496704557,0.02061898058994924,0.6079048619734453,0.011761121929590784
1850,0.6543228924621247,0.6056696719025931,0.6722186076772934,0.6091049354029185,0.6428366948601171,0.6035393623942745,0.6491885862998419,0.623117390092016,0.6396988567710753,0.6199498094618459,0.6080750999163491,0.5857905009759272,0.659828980388512,0.61480434984664,0.6739306627009944,0.6025876010781672,0.6370145924342412,0.6081606097220932,0.6716702295752394,0.6267459801096755,0.6508785203085787,0.020352240419604622,0.6099470210986151,0.011926933891639627
1900,0.6567779889582768,0.6073852837360847,0.6746782514254683,0.6115087338220653,0.6442718798081275,0.6048438772739614,0.6517893021992941,0.6252258122907051,0.6407747307448638,0.6223947868585392,0.6112697981717803,0.5882052674450177,0.6627405195040275,0.6171020001810118,0.6769933930672458,0.6053941533170423,0.6405357950945787,0.6107919268712101,0.6745786949045163,0.6295737170784687,0.6534410353878178,0.020391568509037054,0.6122425558874105,0.012024439457343584
1950,0.6582291207337507,0.6109498192080429,0.676052561954317,0.6137613546168093,0.645908810300732,0.6090872210953348,0.6541299938266161,0.628422259458506,0.6421589205397301,0.6255895581620954,0.6130946291560102,0.5914313431519534,0.6646600229297116,0.6206367404533027,0.67851309639298,0.6089214216421202,0.6409559925919392,0.6138142693359201,0.6764070905723609,0.633290413616721,0.6550110238998148,0.02043873189775821,0.6155904400740806,0.012027087429481718
2000,0.6594014962593516,0.6158534697738413,0.6777126150141887,0.6167340270014618,0.6467004901539255,0.6143090549488347,0.6563711411127353,0.6322297704015822,0.6429340441998452,0.6294642703585864,0.6134732135179293,0.5960890876257632,0.6657889758362714,0.6247312752601255,0.6802115401152291,0.6132496345343538,0.6432780118668845,0.617566428755697,0.6780170263995184,0.6379499527044458,0.656388855447588,0.02075246249576253,0.6198176971364691,0.011864333588264381
2050,0.6589663562379395,0.6196962832452387,0.6772749391727495,0.6197399110663647,0.6465643090863327,0.6183102609279303,0.6559694605252119,0.6348183572447352,0.6428290964007048,0.6333853511200604,0.6134675727829515,0.6002785468579579,0.6653997818608943,0.6280325530665324,0.6803976843694941,0.6168436949408508,0.6430304555751322,0.6212937326956958,0.6775383840926252,0.6418793522946556,0.6561438040104036,0.02067860608350153,0.6234278043460023,0.01168126564440203
2100,0.658207879433205,0.6231730690474241,0.6772512081251536,0.622435907936768,0.6460414448357769,0.621613563764436,0.6556523875829305,0.6378868048161194,0.6428012122204931,0.6368449504463919,0.6127938406093866,0.6034433614546645,0.6659038414284544,0.6317896633630927,0.6813318044065853,0.6193005160127775,0.6422114833319683,0.624765337046441,0.6771447292980588,0.6443443361454665,0.6559339831272013,0.021012504261638504,0.626559751003358,0.01164739013209382
2150,0.6604576366109288,0.6248435874869991,0.6809568765501239,0.6237266981358509,0.6482630610448836,0.6234738779102329,0.6575102008160654,0.6404128330266422,0.6453636290903273,0.6380606448515882,0.6149451956156493,0.605235618849508,0.6677574205936474,0.6339259140731259,0.6836978958316665,0.6209552764221139,0.6439299143931514,0.6263957116569326,0.6797615809264741,0.6457796623729898,0.6582643411472918,0.021260093420525674,0.6282809824785984,0.011666033741075086
2200,0.6621362108061616,0.6261693642974431,0.6826960669325202,0.6247275001954805,0.6507967784815075,0.6250465243568691,0.6583548361873485,0.6423426382047073,0.6476878567518962,0.639092970521542,0.6175181796856674,0.6084259910860896,0.6705434357651106,0.6351082961920399,0.6856970834310736,0.6230885917585426,0.6459394792399717,0.6279959340057862,0.6818375166158418,0.6474407694112129,0.6603207443897098,0.02110404218952534,0.6299438580029713,0.011301416278937597
2250,0.6618808777429468,0.6272344980503097,0.6843550730178148,0.625405612049851,0.651747075464485,0.6259989295817723,0.659051915284043,0.6433213548436424,0.6483676122027678,0.6395351326554019,0.6170471748604633,0.6104962153069807,0.671560516859087,0.6356449269821851,0.6870387644315314,0.6249713280831868,0.64576802507837,0.6291367841578103,0.6827723832097254,0.6477804113464333,0.6609589418151235,0.02166063949333754,0.6309525193057574,0.010844905685677458
2300,0.6619717256339293,0.6288967013239583,0.6849936420076296,0.6264821602214077,0.6526052808736629,0.628741117510659,0.6595302565636921,0.6452868576557709,0.6490657491211009,0.6403081756301892,0.6174104271074875,0.6125095369885556,0.6718901937317674,0.6372353953175255,0.6877896626524049,0.6271852793776647,0.6466482160221408,0.6296447004263596,0.6837833794599446,0.6485361657566011,0.6615688533173759,0.021730291857757496,0.6324826090208692,0.010558808059754267
2350,0.661821509627352,0.6297005637308734,0.684697269199795,0.6276594186982942,0.6530053444615272,0.6301779046782341,0.658421553554433,0.6470459037996925,0.6484662127534959,0.6402489201259243,0.6175766893623252,0.614285086755985,0.6717080313346511,0.6386177611831029,0.6873314298264881,0.6290035873782853,0.6470488322717622,0.6306288893769676,0.6828127974229445,0.6487883446811626,0.6612889669814774,0.02148147109416918,0.6336156380408522,0.010252853210206267
2400,0.6636131622338518,0.632423829665209,0.6872320596458528,0.6291347049967739,0.655241235930891,0.6324582407341027,0.6607455731593663,0.6489526130905441,0.6507161803713528,0.6414739407842855,0.6192415226897985,0.616580400028676,0.6747451430210051,0.6404817549645136,0.6904308552584414,0.6323980213635386,0.6488235715821923,0.6325327980500394,0.6843458312423829,0.6498759767725285,0.6635135135135135,0.021763692960889768,0.6356312280450211,0.0099083863241477
2450,0.6661521174239764,0.6346681648992206,0.6890708617178172,0.6308448627010323,0.6569281550670693,0.6347103026897957,0.6619636210408035,0.6506187232249456,0.6522789521736077,0.6433092211531708,0.6213329587751949,0.619838471802795,0.676959056113491,0.6427614298756934,0.6930809747875554,0.6345473698995717,0.6504248893882998,0.6344687126904979,0.6866423203876677,0.6521637755460357,0.6654833906875484,0.021943844915335964,0.6377931034482758,0.009647260232019027
2500,0.6677279922912795,0.6364897790625644,0.6909629017826415,0.6312753802739348,0.6586606098148531,0.635936403055957,0.6621446761649115,0.6512106820841076,0.6537545598458256,0.6428604859247024,0.6227930346204144,0.6217028012939636,0.6769812099938055,0.642150182393833,0.6933897721797784,0.6343616215844173,0.6520503819946314,0.6344332025603964,0.6872283020166563,0.651538302704935,0.6665693440704797,0.02166521269506674,0.6381958840938812,0.009077387228244443
2550,0.6691153249207099,0.637689452729604,0.6916796005128552,0.6322315945745327,0.6595100884000269,0.6369687563263378,0.6623240434577232,0.6515851272015656,0.653898373709427,0.6433821445441663,0.623739793508334,0.6230217963425332,0.6771563533301842,0.6420028341993387,0.6938403401039206,0.6347229907551117,0.6527080099871787,0.6352763344355219,0.6870814494905189,0.6525487549767192,0.6671053377420878,0.02151379068087315,0.6389429786085431,0.008877300391649742
2600,0.670020517572308,0.6385730359388445,0.6918790125091004,0.6333046528559136,0.6599563174266994,0.6372069627374412,0.6635528492951221,0.6529300416970019,0.6541716857502151,0.6442729498974121,0.6239830564564166,0.6254497319478457,0.6787332053742803,0.6427215566880667,0.6957164603878483,0.6357641141041763,0.6534595274339797,0.6358329472499833,0.6872526308822556,0.6538698788801377,0.6678725263088225,0.021737862051834554,0.6399925871996823,0.008736298834092318
2650,0.6699305149685044,0.6397610234430807,0.6920579258393402,0.6343866484836677,0.6594324306773167,0.6386102993700891,0.6635638677836224,0.6533826871874797,0.6543515812715112,0.6451665692577441,0.623822326125073,0.6274745113319047,0.6788635625689979,0.6428988895382817,0.6962153386583545,0.6361893629456459,0.6531904669134359,0.6364595103578155,0.6871550100655887,0.6548087538151829,0.6678583024871746,0.02189291520602079,0.6409138255730892,0.008449744989636566
2700,0.6714526101089936,0.6412671298361908,0.694598763464848,0.635757537127924,0.6607916374529925,0.6406552361527185,0.664808464529288,0.6552718465166677,0.6572681496589967,0.647707310854739,0.6247307030403468,0.6300261329593984,0.68181146025878,0.6447549238319842,0.6992019886544713,0.6379144623621645,0.6545528714385875,0.6389980240933139,0.6893683472496654,0.6574619159920964,0.669858499585697,0.022450383933664834,0.6429814519727197,0.008538371423595405
2750,0.672836848363477,0.6423230490018149,0.6952324926465987,0.637168784029038,0.6615933412604043,0.6424356968521184,0.6670993178546842,0.6567494836973528,0.6577708242067715,0.6498429188309657,0.6260041304211779,0.6326052944489642,0.6834883284310658,0.6457700732211027,0.7019300331685336,0.6390011890606422,0.655968458601915,0.6410714062206647,0.6906577382814945,0.6598160085111708,0.6712581513236123,0.022652594705042772,0.6446783903873834,0.008567995952822155
2800,0.6765591001290798,0.6433388653266949,0.6982211568012784,0.6383748232835454,0.6648251275431802,0.6440272911672507,0.6695642018562911,0.6589759665621736,0.6605962259511955,0.6515335914930236,0.6296293564447722,0.634185260311021,0.6862732804720634,0.6468842584055565,0.704750138299834,0.64016473046899,0.6594234433585346,0.643129878910812,0.693167373532485,0.6626098715348208,0.6743009404388715,0.022411916888300784,0.6463224537463887,0.008979104765507659
2850,0.6711294438789479,0.6633886451564358,0.6896866685199159,0.6558620848216805,0.6612295402339692,0.6567399396788306,0.6674738054381018,0.6705536128952698,0.6590160919155839,0.6631754518339851,0.62754917554798,0.646044741335886,0.682898969356595,0.6638965468952155,0.697450458679163,0.6604290202094728,0.654518130837996,0.6530466788869637,0.6905969204015558,0.6700018184136326,0.6701549204809808,0.02102499678743791,0.6603138540127372,0.007588089160038721
2900,0.616800586213867,0.6129905570475613,0.6312573998671633,0.6057043951601259,0.6046196829247164,0.6086499032602732,0.6199301885702735,0.6211556787663519,0.607572410407462,0.6212729937335759,0.5776995076381068,0.5997628432816425,0.6276161237690953,0.6219750786912703,0.6366520835138179,0.6136312772531693,0.6026903029252938,0.6113264893586301,0.6368569334950476,0.6251119004302752,0.6161695219324843,0.018528219883583996,0.6141581116982875,0.00816065228577165
2950,0.6183154653365592,0.6152805074463783,0.6327630001206179,0.6074438949631407,0.6063796198409264,0.6106970292533755,0.6209885696851875,0.6229858593312095,0.6091946275391831,0.6229468359100616,0.578799816944679,0.6017606658105165,0.6288438069830637,0.623704245038704,0.6379868171788194,0.6148140001844744,0.6038164905882604,0.6135067155760212,0.6383406886569557,0.6270549378818087,0.6175428902874253,0.018577425017995617,0.6160194691395692,0.008102481204935352
3000,0.6182497942329422,0.6173517430911094,0.6329324944547522,0.6091332673018708,0.606829722528354,0.612765579007575,0.621215978683928,0.624851777966882,0.6095761896126001,0.624850034178257,0.5786405075122414,0.603085808350655,0.6287639677468856,0.6257969114015876,0.638064464377886,0.615384749522202,0.6038617942887434,0.6158468535078052,0.6386896125999191,0.6294658426684151,0.6176824526038253,0.018629951795230963,0.6178532566996359,0.008341721814054003
3050,0.6184058000836814,0.6179393789740107,0.6333449938610751,0.6099176218010715,0.6073745978832712,0.6131242669300574,0.6221080176416925,0.6253386697395587,0.6103617507253534,0.6255358698410739,0.5790866720167912,0.6036518029233628,0.6291086212454815,0.6266847747803364,0.6383753112332037,0.6155815516732858,0.6037632638503063,0.6167407453134968,0.6390012072075779,0.6305498967700338,0.6180930235748434,0.01861958955402658,0.6185064578746287,0.008455190997231512
3100,0.603681191728494,0.6028582790530264,0.6133224772719357,0.5952140443763281,0.5947002682085757,0.59862180268673,0.6063422329815273,0.6101672530100897,0.5927982804463177,0.604453307325229,0.5713996481939462,0.5872069734229685,0.6098015140432153,0.6060439815621117,0.6177926202004017,0.6019671531575465,0.5919601286472302,0.5982168774019762,0.6198709463931171,0.6122600926538715,0.6021669308114761,0.014736126051537374,0.6017009764649877,0.007339366158833304
3150,0.6218043726130812,0.6131148776807194,0.631076083898386,0.6047578854978993,0.6135456504736482,0.6098140811549019,0.6235018866502166,0.6224114930181154,0.6104743750765631,0.615761438027276,0.5916105652412126,0.600529581302307,0.6273997073437337,0.6136223818773886,0.6336364896863571,0.6154760510519606,0.6107483196495663,0.6091046522115472,0.635877181292076,0.6230589983724866,0.6199674631924841,0.013560285876469905,0.6127651440194601,0.007087803357310069
3200,0.6235342734645385,0.6150362714751372,0.633105783965849,0.6064958854359133,0.6153634233597042,0.6117157460718595,0.6254534762205612,0.6245369211431507,0.6123336260481774,0.6179514994019876,0.5932713996405303,0.6032535056244959,0.6288925445131861,0.6156243501664236,0.6352647215036801,0.6171938845114112,0.6126826322084342,0.6113621041561534,0.6375845859806808,0.6257806281051284,0.6217486466905342,0.013552184032211617,0.614895079609166,0.007112594742467922
3250,0.622990780172352,0.6169254814241263,0.6326609754794037,0.6085073212444486,0.615073173338756,0.6129054123634069,0.6249421561074677,0.6259836720541327,0.6120561662567082,0.6197215411307553,0.592943892401887,0.6042056909265581,0.6282491973548885,0.6173308774934791,0.6346488500960046,0.6188573044941608,0.6118391294543056,0.6128193797570491,0.6369658646081411,0.6276756466458364,0.6212370185269915,0.013477789691484261,0.6164932327533954,0.00725061096388266
3300,0.6226669797677662,0.6174751476002213,0.6322775153631267,0.609503901573333,0.6148202042599715,0.6127914631188719,0.6245366039566227,0.6261418886925592,0.6114979962812829,0.6208589492378427,0.5921710609892712,0.6046893305667516,0.6276714645560573,0.6177574518703299,0.6340752802832281,0.6196771209070693,0.6114177962045474,0.6133342572382173,0.6365845802841265,0.6285440413909389,0.6207719481945999,0.013547051775034628,0.6170773552196135,0.007291781313722606
3350,0.6220056579624007,0.6183554003974978,0.6315507845716286,0.6105621194489614,0.6144221183623497,0.6129488749145556,0.6245276081526209,0.6265252049716281,0.6106682536253034,0.6219892324351097,0.5914775519899527,0.605002710212003,0.6271038889331115,0.6180913284587423,0.6333885483750732,0.6206385486909487,0.6106897331609916,0.6138649139365545,0.6358928095359031,0.6296700616968076,0.6201726954669335,0.01357427923193077,0.6177648395162809,0.007440067432011397
3400,0.6217388977863392,0.6184860397137386,0.6312230821016898,0.6106226846407607,0.6143446810046279,0.612591323305969,0.6241082328170323,0.625935010036075,0.6103190513700207,0.6220860850098494,0.5911410015666979,0.6051547969701382,0.6263693051651255,0.6173100829889461,0.6329982167767337,0.6203252609192871,0.6102269658698782,0.6134424919829617,0.6353849733885348,0.6293471511359494,0.619785440784668,0.013522306827804767,0.6175300926703675,0.007316480096483696
3450,0.6184099069446437,0.6174947992708559,0.6280991380948353,0.6096909473601626,0.6108138390268599,0.6110295911374918,0.6214089838688521,0.6244760962597655,0.6071705704314184,0.6211944576224853,0.5877767848277231,0.6044442483061621,0.6235113410832472,0.6157663306572716,0.630198430648568,0.6188726707046637,0.6070381770908034,0.6121782259537532,0.6320727771096817,0.628121816583737,0.6166499949126633,0.013643468299598088,0.6163269183856348,0.007210239674857219
3500,0.6195046267609292,0.6186693819671676,0.629368124932812,0.6108737638920596,0.6117253149833133,0.6120176204642825,0.6221408115221506,0.6258067087731505,0.6086790570370129,0.6224041280298007,0.588883815818558,0.6055554951618611,0.6248802695008219,0.6167065868986751,0.6314257381015362,0.6203084668335949,0.6077127579263705,0.613155437667064,0.6335286465410719,0.6294363698075012,0.6177849163124577,0.013730503236843626,0.6174933959495157,0.0073099834544273785
3550,0.6197653475800873,0.6202968629285603,0.6299278258105757,0.6122913965937782,0.6126211384784972,0.6138996322842304,0.6224741116908378,0.6276416550899886,0.6090284994601518,0.6235514272347751,0.5890660209915826,0.6073250314564234,0.6249739599143386,0.6184291191844306,0.6315152294324987,0.6222169844449921,0.6079476127044667,0.6144091251602581,0.633925797362303,0.6310712087718484,0.618124554342534,0.01373489549429791,0.6191132443149285,0.00731616483547666
3600,0.6191632021084228,0.6214953983860616,0.6291221202509737,0.6133822889201023,0.6121936022135622,0.6148725476736121,0.6218662029263049,0.6287718507722944,0.6084034165648715,0.6241579157968601,0.5879768974690244,0.6084163243178545,0.6241144988095532,0.6196906598325982,0.630568375301132,0.623297790075346,0.6070234604277629,0.6153958983854748,0.6333106860940083,0.6320375122770332,0.6173742462165615,0.013798286860791157,0.6201518186437237,0.007284506624753676
3650,0.6190650557470287,0.6227215564047476,0.6287555634227299,0.6146715859644982,0.6120534366247046,0.6161686629621531,0.6215137137574896,0.6301733902083759,0.607963662910091,0.6250030369606792,0.5878774942124206,0.6094329734101077,0.6235279417736544,0.6205939485232272,0.6299038237938059,0.6244916706291772,0.6066227724616504,0.6164868207475899,0.6331154820206143,0.6329384705981713,0.617039894672419,0.013717701247645726,0.6212682116408728,0.00726375346128477
3700,0.6192628416852919,0.6234733331736073,0.6286467442706853,0.6147374617941109,0.6122845267717891,0.6167762501126639,0.6217437287578679,0.6305526177380288,0.6079143092820202,0.6248777810863878,0.5877215199982658,0.609647906847796,0.6232508576715827,0.621158447052542,0.6296501658298166,0.6248812037864189,0.6067488799214149,0.6167271914122174,0.6332131965622401,0.6333786270637456,0.6170436770750974,0.013712601535502224,0.6216210820067519,0.007310990634638986
3750,0.6193505661952781,0.6231141359206258,0.6286354260558982,0.6146980085545394,0.6126240785190136,0.616399463906528,0.621543215503049,0.630488234413735,0.6081088076196393,0.6241797961179361,0.5876429554459512,0.6092706810660202,0.6229408395421825,0.6205675793984364,0.6294428296372817,0.6243947286392522,0.6067443799646881,0.616553630165273,0.6331765788819232,0.6334894126040482,0.6170209677364904,0.0136567435429004,0.6213155670786392,0.007375147408805208
3800,0.6174155002048177,0.6228156940323113,0.6269492374009353,0.6143743179681195,0.6104133987417865,0.6159928774501804,0.6198305730122413,0.6300836699781638,0.6058591187176746,0.6238469983936519,0.5855205533741636,0.6087903987673193,0.6210783513783843,0.6198960702752329,0.6275714613993546,0.6240334990747124,0.6048028365865491,0.6163680990585045,0.6315579134570233,0.6331631514618656,0.615099894427293,0.01381874167922499,0.620936477646006,0.007391719783478763
3850,0.6194916266042756,0.623572349447013,0.62873308644166,0.6154558130721144,0.6123932171606143,0.6171711296663238,0.621233779249927,0.6313022276113395,0.6074460732284647,0.6244135775085409,0.5875019579364062,0.6093141910135373,0.6227355027816389,0.6207638745124328,0.6290874318555979,0.6252591869662227,0.6067839347347228,0.6170112087067103,0.632812713935359,0.6341545165074577,0.6168219323928665,0.013652544287059483,0.6218418075011692,0.00750128556335525
3900,0.620876531319283,0.6243675014944314,0.630245238087517,0.6166051058208779,0.6136908294337591,0.6181162921670175,0.6223590721445551,0.6323785186698534,0.6089816138994553,0.6252441625292806,0.5884033202861094,0.6101798614421561,0.624118879992563,0.6216391507521881,0.6302955028694164,0.6261121758597169,0.6080136114867458,0.6179617144506384,0.6340172586560819,0.63549385418457,0.6181001858175487,0.013735136324666783,0.6228098337370731,0.007576431258126394
3950,0.6215917614385047,0.6256669771491308,0.6308518209103005,0.6177875510402229,0.6146667221480692,0.6196963246771676,0.623236464938421,0.6337075127153772,0.6097251429979802,0.6259945308140509,0.5892012918631189,0.6110604309838026,0.624965990967201,0.6227744755673774,0.6308779611864911,0.6274733235814098,0.6088710494840763,0.6188833087401348,0.634621888907027,0.6368027348063646,0.6188610094841189,0.013666742583148445,0.6239847170075039,0.007668082897444145
4000,0.6226752447069257,0.6270174562697954,0.6321833450775804,0.6193062783797363,0.6155007209809132,0.6209020213797962,0.6243989631357034,0.6353553451070727,0.6108151350167105,0.6275019722962163,0.5895733204409939,0.6124598562672674,0.6266593357285278,0.6231929395481993,0.632409277007292,0.6294421429933188,0.6096275441041246,0.6201425951731672,0.6361737558734402,0.638671120000927,0.620001664207221,0.014035054900294504,0.6253991727415497,0.007859381398908063
4050,0.6235035895131927,0.6284690047641779,0.6336767368553513,0.6207783050509021,0.6168575561774675,0.6223622043968547,0.6253428055298159,0.6367587366660739,0.6120075794211643,0.6290992365459553,0.5904185009427476,0.6141442315592205,0.6279365317076265,0.6239190640954041,0.6336678969706235,0.6311750494773549,0.610571878142709,0.6214636561139243,0.6374877671595163,0.6403144502995681,0.6211470842420216,0.014173708329635028,0.6268483938969437,0.007901520101124423
4100,0.622959717613518,0.628823427314956,0.6331188937877233,0.6204758955778006,0.6163380750353548,0.6228719083168242,0.6243302615484629,0.6366790215887629,0.6110043021420333,0.6288008331099588,0.5897431552396475,0.6140160069672312,0.6269717295145019,0.6238794044578366,0.6329119514101351,0.6316836482657409,0.6100486699715826,0.6212523146222506,0.6365927528060462,0.6404389027021642,0.6204019509069005,0.014132239219586399,0.6268921362923525,0.007983586115486836
4150,0.6220793000159253,0.628908425309707,0.6322167345775376,0.6204426429551728,0.6152481460180088,0.6229744657154073,0.6231114032445065,0.6364450611705015,0.6097204344267034,0.6284195076132194,0.5888846286102057,0.6136789433697385,0.6259668043142422,0.6234491824829513,0.6319798833697994,0.6320052421714843,0.6091833350070143,0.6213717894489127,0.6356082207148951,0.6404872541590971,0.6193998890298837,0.014125645184006963,0.6268182514396191,0.008044555678495147
4200,0.6242203164125086,0.6299803306810314,0.63410808205603,0.6210785359934509,0.6173200227254281,0.6238651063475888,0.624897169441714,0.6374121869617365,0.6116251386521656,0.6298410522634748,0.5910650390129869,0.614693772851931,0.6277989701413125,0.6237909581252925,0.6335574814053292,0.6334642951259568,0.6111426742057373,0.622314005697389,0.6372929486042599,0.6417949481012544,0.6213027842657473,0.013986258840238297,0.6278235192149106,0.00821823420645714
4250,0.6251961340433262,0.6309244855472103,0.6351312823528363,0.6221614392303725,0.6183540876562019,0.624876874843464,0.6258044589373272,0.6381679570678047,0.6126247462013106,0.6306275002450129,0.5915476993043614,0.6159999841607838,0.6287198646538983,0.6247264022903506,0.6344883091735789,0.6339230471483965,0.6118016019387201,0.623273154211598,0.6383045703068155,0.642776179006901,0.6221972754568377,0.014127286607263229,0.6287457023751896,0.008080178444440434
4300,0.6256322746431824,0.6321308499160228,0.635258598005871,0.6234631483291124,0.6183364781996692,0.6261238128496402,0.6261609838980887,0.639692223718846,0.6127994592590637,0.6315615459634687,0.5917616240226704,0.6174433948514185,0.6289370743059042,0.6257873170426322,0.6346340265733869,0.6349167221786929,0.612013487221474,0.6242672167981836,0.6385320957330571,0.6441282948955347,0.6224066101862368,0.014133715743915384,0.6299514526543553,0.008101526216668197
4350,0.625731426621464,0.6333842782306751,0.6353036538221724,0.6244993721307245,0.6185899573783582,0.627127819490725,0.6263235281323136,0.6408935754327658,0.6129217333638809,0.6325935206210831,0.5918922210911874,0.6186991940652578,0.6288311384492837,0.6265913030196694,0.6346989852588474,0.6359083223854971,0.6122706633760323,0.6251238579691063,0.6388963807855568,0.6452669096941276,0.6225459688279097,0.014123348855638271,0.6310088153039631,0.008139546224906128
4400,0.6257824137374224,0.6338929544305805,0.6352339621307452,0.6249688276621177,0.6186177922627629,0.6280683851821277,0.6261316394691004,0.6414411986994089,0.6129226897356298,0.6328209126496153,0.5918458896943535,0.61920636422094,0.6287190629475798,0.6265883560210624,0.6345875839981043,0.6357427520134226,0.6121864970509296,0.625224894682883,0.6389063262886239,0.6457484753024314,0.6224933857315252,0.014114254429520719,0.6313703120864589,0.008139186026790916
4450,0.6251757967643006,0.6340546549660874,0.6347625645690063,0.6252423846589047,0.6179299948713154,0.6283214844661305,0.6249382527147553,0.6414907754514518,0.612150071168764,0.6324480449132988,0.5911328537115903,0.6190435711512905,0.6279956288116847,0.6263285701737236,0.6338024710248208,0.6352966844895541,0.6114959985870143,0.6247899647792541,0.6379091967799795,0.6455512202585878,0.6217292829003231,0.014086709361533185,0.6312567355308282,0.008128769639404575
4500,0.6257193708848904,0.635117531872694,0.6352627367048869,0.6263212005591554,0.61847733824135,0.6296539082510895,0.6253762019084864,0.642954857638568,0.612547284949776,0.6331892490529003,0.5916097753200342,0.6200162293246527,0.6282550861377476,0.6272279136913683,0.6341351814967023,0.6360858753516898,0.612114471832597,0.6253313798380989,0.6383176409397321,0.646312777745095,0.6221815088416204,0.014049554040901888,0.6322210923325312,0.00817047776331259
4550,0.6263421574791954,0.6357078290865342,0.6357193705559572,0.6268052012324442,0.6190031679025272,0.630095904994317,0.6259298961914074,0.6434544633632211,0.6128469481123234,0.6337928684798777,0.5920021310169143,0.6205007889748497,0.6290700991920049,0.6276998959421117,0.634569378542654,0.636431710048742,0.6127938573529778,0.6257969384636549,0.6387316940753482,0.6467968729081087,0.622700870042131,0.014074867631303636,0.632708247349386,0.008175510158431399
4600,0.6262215794178421,0.6364758615085266,0.6355906358741454,0.6274720348137008,0.6188937007909964,0.6308257570984687,0.6255189686641995,0.6441703395084555,0.6129473037369396,0.6345602314095768,0.5918151097378472,0.6211946482883052,0.6288836478418116,0.6281933635926191,0.6344935769781073,0.6368995280318408,0.6128756273962497,0.6260284641814609,0.6385375835120677,0.6473113154571627,0.6225777733950206,0.014041683807856517,0.6333131543890118,0.008196814813887949
4650,0.6260178570299751,0.6374654468185788,0.6353446197276202,0.6285035187578283,0.6186629171780221,0.6317680663132106,0.6253933937839041,0.6451179436330485,0.6129099987266909,0.6351409805924229,0.5918037731487125,0.6222724321375969,0.6286841299642119,0.6285369318310093,0.6340491858498344,0.637748103356569,0.6126386303890997,0.6264562907334712,0.6381490602347404,0.6482380022233241,0.6223653566032811,0.013937425791047255,0.634124771639706,0.008253043080292505
4700,0.6258980563661846,0.6373134101711387,0.635040522518515,0.6279699616168275,0.6186783218594714,0.6316314143533592,0.6254849258732238,0.6447792364633885,0.6128869022895022,0.6349918401144796,0.5917435536011133,0.621961034425159,0.6285604032510913,0.6278636642575577,0.6337805861718748,0.6372088993221088,0.612583642176291,0.6258431211763098,0.6380021098685933,0.647624254020318,0.6222659023975862,0.013875553238223197,0.6337186835920646,0.008262215584164782
4750,0.6255245654358101,0.6374986634571966,0.6345211553738741,0.6272631756610475,0.6182294718071208,0.6310487950790482,0.6249364866023183,0.6449939071321459,0.6123738679151082,0.635219692290291,0.591332044950254,0.6215547019354908,0.627931226146577,0.6278729042787927,0.6331961002111075,0.6369286997493043,0.6120279131993875,0.6260119064976747,0.6375234060677718,0.6471420959288685,0.621759623770933,0.013846782871458293,0.633553454200986,0.00832815186762153
4800,0.6238012556379999,0.636687675565942,0.6330843389715519,0.6265189486632727,0.6161246580480346,0.6303972456747283,0.6232841202272074,0.6447633810426814,0.6103513635676137,0.6340700873665961,0.5894998343243274,0.6207915537755258,0.62657227961857,0.6275025113634278,0.6316937998830215,0.6364603632974617,0.6105152906843061,0.6254016214358966,0.6361421261215894,0.6459655132317597,0.6201069067084222,0.01400461413678221,0.6328558901417292,0.008291725436599204
4850,0.6252397376705414,0.6367441180465263,0.6346925604978065,0.627485940147982,0.6176853517147353,0.6311980352108351,0.6247228472487156,0.6455221717875584,0.6115436553971578,0.6347985338478881,0.5911042077043058,0.6216042029463187,0.6278120785396613,0.6283129648229033,0.6332007152552315,0.6368081346008612,0.6119048298760069,0.6263959285471443,0.6375088563442568,0.6465671987826473,0.6215414840248419,0.013988420601364914,0.6335437228740666,0.008156596094785593
4900,0.6250645278105232,0.635913332836801,0.6346801346801346,0.6274037947061085,0.6177265493309225,0.6311919945278703,0.6246095157867342,0.6457027260485181,0.6114372815364426,0.6346240607618691,0.5908003674339805,0.621435132749651,0.6278352642451295,0.6280920913516896,0.6331498731702139,0.636387606893582,0.611685119694273,0.6265434238991321,0.6374243323137296,0.6462805870382784,0.6214412966002083,0.01406252886118075,0.6333574750813499,0.00811831819674274
4950,0.6252318362788932,0.6357630707366484,0.6348552130013022,0.6283409207024608,0.6179812599184411,0.632023188287915,0.6247594791277449,0.6463845402376274,0.6117931694190473,0.6353699340225087,0.5911585755911243,0.6220939444236862,0.6279189765566816,0.6286789843855247,0.6336109861376944,0.6369221462214394,0.6120452344458933,0.6273538425301058,0.6378168711570673,0.6465311192280288,0.6217171601633888,0.01403629890791771,0.6339461690775946,0.007986604223612357
5000,0.62556514125701,0.6363513616644065,0.6351550359317042,0.6290668994742541,0.6183104509305175,0.6327317739585928,0.6252561009257791,0.6470180752951398,0.611707387028357,0.6362414992942811,0.5913006614385597,0.6228055830211481,0.6281511001751927,0.6291289591337142,0.6338463318967361,0.6375439134988984,0.612406396841331,0.6281720662763618,0.6382349561934282,0.6469694339404277,0.6219933562618616,0.01411126277349913,0.6346029565557225,0.007930981296218498
5050,0.6250980655862641,0.6365209941297629,0.634854398028809,0.6292203484949994,0.6181697578599826,0.6331512737941357,0.6250270847809682,0.647129926420716,0.611455637826875,0.6365259752389065,0.5909417700039268,0.6231940366161334,0.6279435241845301,0.6289306139798149,0.6335497625256216,0.6377579695670835,0.6122090305848403,0.6281560515079893,0.6380518550065543,0.6468186070992428,0.6217300886388373,0.014126350021033286,0.6347405796848784,0.007875912847218162
5100,0.6246247023714125,0.6360026004745619,0.6345178478525126,0.6285282908454912,0.6175979143602249,0.6328226902090159,0.624394160931897,0.6464538123992665,0.6108883776704382,0.6362401280183052,0.5905925120469203,0.6226961266572478,0.6274064046959771,0.6280976180672162,0.6330799432235199,0.6372222920832645,0.6117616406989063,0.6273875011198314,0.6375296806692853,0.6459886200471603,0.6212393184521094,0.01410593793222837,0.6341439679921361,0.007857730803608699
5150,0.6226039609358661,0.6354798100013753,0.6331048271922308,0.6278792139974659,0.616131654692066,0.6323052998288645,0.6230250860356545,0.645771537802386,0.6097293325228201,0.635501781745712,0.5885790872937402,0.622351285875993,0.6260335874731762,0.6274137385248496,0.6316420786572172,0.6367191791356316,0.6101577815373873,0.6265234759950555,0.6361503550878015,0.6450716970568442,0.6197157751427961,0.014237002978350774,0.6335017019964179,0.007787550693886292
5200,0.6232198845931631,0.6357722515936731,0.633991834011415,0.6284765282219756,0.616886690663424,0.6329076285998159,0.6238278615408046,0.6463620899580258,0.6106630856864741,0.6359044029779186,0.588865762396646,0.6226957109623601,0.6270268920008928,0.6279076326288213,0.6324724959931538,0.637245256047336,0.6112227145667086,0.6268721781851909,0.6370172143294003,0.6450172078829912,0.6205194435782083,0.014359942313136738,0.6339160887058108,0.0077376481515519825
5250,0.6235126493136103,0.6366415539707506,0.6344187571968581,0.6291197150223716,0.6171435046534695,0.6337257042447398,0.6243533301254198,0.6471111621823706,0.6110089685919733,0.6366591097162273,0.5893735072628917,0.6234460172796416,0.6273010993886611,0.6285850627737599,0.6329580393743451,0.638034841770864,0.6117435169424914,0.6276426384370279,0.637416400737022,0.6456484493887807,0.6209229773586743,0.014338640521641213,0.6346614254786535,0.007735626760277153
5300,0.6237705494581922,0.6375289358026272,0.6345110768109723,0.6298777919246094,0.6170587077699299,0.634684553319724,0.6245652220301731,0.6477865741037113,0.6113165958139605,0.6375060163550017,0.589443144358536,0.6243850277522898,0.6272570716374997,0.6292447409746772,0.633057272538313,0.6388961994023556,0.6117635250426579,0.6285081573475402,0.6374333063832243,0.6466382307450954,0.6210176471843459,0.014329320634812107,0.6355056227727631,0.007735384338787919
5350,0.6236485783016334,0.6380463908204698,0.6343722772928277,0.6305071583958992,0.6170295377278658,0.6353316095881565,0.6247652551839562,0.6481117475347391,0.6111447718934033,0.6379814176825569,0.5892272971722594,0.6251770126603682,0.6271637816245007,0.6297689696121418,0.6330207577433498,0.6394797138990067,0.6117494917613279,0.629027649592822,0.6374459764014432,0.6471997751772867,0.6209567725102568,0.014379456129548872,0.6360631444963446,0.007655834229989679
5400,0.6241461506310867,0.6384517381732799,0.6346090767609516,0.6309881893702005,0.6172459543688319,0.6357563308341107,0.6249902101502712,0.6484199376396265,0.6114848701264965,0.6382129046115814,0.5895916643985233,0.6257323001455488,0.627363812528061,0.6301670051434514,0.6332493538699179,0.6400654155820289,0.6121412747043465,0.6296924397546217,0.6376127189727675,0.6477592681767461,0.6212435086511254,0.014323843263403137,0.6365245529431196,0.007613085794767687
5450,0.623253986361447,0.6377133568554969,0.6339587985720772,0.6306182979694273,0.6161124516132501,0.6351322180662815,0.6239196282545586,0.6475393527640847,0.610664789195476,0.6372631939595206,0.5884881210000991,0.6251510465519136,0.6264039743391785,0.6294114619462555,0.6323444345347151,0.6395754641248595,0.6114180054403646,0.6290496415981244,0.6367346750645861,0.6471729232395442,0.6203298864375754,0.014383885129004292,0.6358626957075508,0.007559022676352927
5500,0.6224970526698739,0.6374841026835355,0.6333312022747528,0.6306312271624727,0.6152305234564858,0.6348316958431419,0.6230819521409908,0.6471476922538304,0.6099177183060215,0.636875989895738,0.5876485366857929,0.6250448093121171,0.6254733043052711,0.6291470970796125,0.6316495687270198,0.6394675093481168,0.6106609249859768,0.6287924280444266,0.6359337575662093,0.6470183065542989,0.6195424541118395,0.014411226818754999,0.635644085817729,0.00751677490191101
5550,0.6239786403388708,0.6381391062636355,0.634816081734413,0.6311371131276248,0.6169129241635503,0.6353458501973152,0.6244646699108858,0.647603297309078,0.6114768587331859,0.6374128898511444,0.5891364660936872,0.6254812220646114,0.6268914242363227,0.6296982544411942,0.6329831959705924,0.6401231928485405,0.6120707272948024,0.6293641798090721,0.6371519647434375,0.6476342161802223,0.6209882953219747,0.014350230052957224,0.6361939322092438,0.007539927252848085
5600,0.6245560270841226,0.6385221652053765,0.6353922168642827,0.6315837456406026,0.6174408777156795,0.6357325992134215,0.6251325473527519,0.6481268508990802,0.6121401045134476,0.6378922149961029,0.5894495669932993,0.6260105918318698,0.627437881155372,0.6301953144557506,0.6336170724726704,0.6406862646194406,0.6125709067621381,0.6298440966641036,0.6377517278794441,0.648112652733035,0.6215488928793209,0.01442508656732398,0.6366706496258783,0.007543463927256699
5650,0.624834209772126,0.6393145189658096,0.6355469800074203,0.6321837803652531,0.617613494565487,0.6364174944144152,0.6254936679426313,0.6487550273965805,0.6124796441814017,0.6387539239797653,0.5897126006497571,0.6266741017705766,0.6276501442958164,0.6309270700728922,0.6338129864013133,0.641535423012239,0.6129465598203726,0.6304782978647774,0.6378511957261482,0.6487994602884731,0.6217941483362475,0.01437739778622545,0.6373839098130782,0.007560936958616588
5700,0.6249547706753977,0.6395085214616356,0.6356270564205091,0.6324714624062662,0.6178263355403042,0.6368054041795199,0.6256788068412427,0.6491364043035563,0.612584871497342,0.6391239345879379,0.5898256221463323,0.6270299985100929,0.6276876127063392,0.631341921950883,0.633786690798759,0.6417551253173392,0.6130542289510246,0.6307481609187809,0.6379525593008739,0.6490608080287648,0.6218978554878124,0.014356172955674372,0.6376981741664777,0.007544988859331823
5750,0.6250273705835153,0.6395616050910377,0.635545676684482,0.6326056577269431,0.6177291545272219,0.636868557910335,0.6253776413067753,0.6492142369226808,0.6126002163458215,0.6392458885928137,0.5897715129149144,0.6271635491481111,0.62762548457754,0.6315421150532026,0.6336531963385617,0.6420356876036172,0.6129795853638487,0.6308532129245896,0.6377182281175366,0.6492738884269535,0.621802806676022,0.014317103248325583,0.6378364399400284,0.007553206638266404
5800,0.6223470418610889,0.6383850314500783,0.6328142970765092,0.6316392907129429,0.6148971626066033,0.6358799856648503,0.6224476330778532,0.6477843612746169,0.6097511467038169,0.6377987901652796,0.5873351692131747,0.6261374198605278,0.6250132499183372,0.6303334076049845,0.631030695824419,0.6407833568046173,0.610925431983392,0.6296130446978334,0.6349649300800908,0.6481232707504537,0.6191526758345285,0.014219318221346647,0.6366477958986185,0.007473338803233029
5850,0.5891827517773528,0.618428489651897,0.6002989191118623,0.6130032823316894,0.5850456775610223,0.6124272340230865,0.5889624449007084,0.6245338794054603,0.5791449444688226,0.6184080239857608,0.5587713738300712,0.606725138278681,0.5903805951776872,0.6106551481082201,0.5933490196644955,0.6170091355122045,0.579324019047516,0.6111078004886479,0.6018537078068691,0.6226636786794109,0.5866313453346408,0.012372847444285453,0.6154961810465058,0.005653680837596164
5900,0.590682944991364,0.6196560354384847,0.6015305685478691,0.6142579472514715,0.5865549777082034,0.6138933562357554,0.5900022363168338,0.6259694671380379,0.580692972731209,0.6196988585267906,0.5598280177192423,0.6082222708607916,0.5918109170326454,0.6122446673359756,0.5947148577083938,0.618549772323914,0.5806682899789215,0.6124474822403136,0.6032104826162052,0.624289255687144,0.5879696265350887,0.01241925334279503,0.6169229113038679,0.005655111185556085
5950,0.5914521538548624,0.6201560672100834,0.6023653015208121,0.6146487839163742,0.5870419048832032,0.6143887505188875,0.5907428110494736,0.6264617296879128,0.5815702951054756,0.6201307124797162,0.560382585191894,0.6086114098645232,0.592652670855504,0.6126640392090267,0.595658975338692,0.6191342126117967,0.5816687658024831,0.6127165176044379,0.6038565134533379,0.6247812417449715,0.5887391977055738,0.012459443453995868,0.617369346484773,0.005704666030342762
6000,0.5915841584158416,0.6207188857761544,0.6026534957463625,0.6151282405047307,0.5873974590420781,0.6151229789960574,0.5910933765790373,0.6273174022645533,0.5817430910545,0.6208773156484283,0.5605891954334781,0.6092996581188587,0.5927896285141032,0.6132586510894831,0.5958170421435152,0.6198448907243109,0.5819971050010055,0.6135895415238264,0.6040033650271026,0.6255483661261734,0.5889667916957024,0.012449214825075938,0.6180705930772576,0.005744268873926642
6050,0.5918043562942285,0.6216141799834911,0.6027023376707691,0.6158870952782853,0.5872537005778096,0.6160343300470223,0.5913055550402982,0.6284136439098136,0.5815718296992236,0.6218408287810353,0.5605175476020441,0.6102834790996188,0.5928454336353771,0.614091874495692,0.5959231619999814,0.6208953960731212,0.5821036718264532,0.6146373387373517,0.6039028227339758,0.6264213372163121,0.5889930417080161,0.01248457689251052,0.6190119503621744,0.005771326643103594
6100,0.5918846307715654,0.6217155936302979,0.6028055406107593,0.6158790759057697,0.5874284948980765,0.6161101454473552,0.5913739211006728,0.6287793090445907,0.581720732340999,0.6221012843327953,0.5606218414747984,0.6105380356559846,0.5929618056992555,0.6144432258687524,0.5959970363319492,0.6212661001439299,0.5822394892098571,0.6148478849664547,0.6039361719249356,0.6266312819876119,0.589096966436287,0.012466314298498394,0.6192311936983542,0.005803877869094908
6150,0.5908736980829215,0.6215496917352207,0.6017051465625741,0.615738376228955,0.5862973227477518,0.6159880433394743,0.590185118472174,0.6288595799208361,0.5805088078908487,0.6221767095926892,0.5590377213943054,0.610554078580158,0.5915679778560093,0.6144165085821645,0.5949416189373073,0.6212743738941685,0.5810203974609196,0.6148445907739453,0.6027992927238568,0.6265213733287124,0.5878937102128667,0.0125929083119538,0.6191923325976323,0.005816615316561698
6200,0.5914250148111633,0.6220106323801426,0.6021393651324864,0.6157803334886056,0.5868507961848253,0.6164259193096868,0.5903509228146184,0.6294512633583126,0.5805622702008438,0.6227500599230272,0.5594193345604364,0.6110910739563218,0.5920321594449998,0.6149668501291171,0.5953197289217925,0.6217941180461023,0.5814715738726557,0.6153145167490514,0.603275924058304,0.6267309840491686,0.5882847090002125,0.012630098506234838,0.6196315751389536,0.005824607194054775
6250,0.592047483201909,0.6229400471871608,0.602853544868172,0.6162135219025576,0.5876183603807269,0.6172446196768666,0.5909367683074521,0.6304419983672884,0.5811741394622817,0.6238662970638104,0.5600122453373523,0.6120986624323815,0.5927432919772856,0.6159186021476437,0.5961508486512187,0.6228694010101282,0.5823061603466373,0.6161894124929354,0.6038860443523428,0.6272539494577064,0.5889728886885377,0.012648861165799096,0.6205036511738479,0.005835553084676636
6300,0.592901204358291,0.6237548216597633,0.603868672892373,0.617389340961974,0.588779992169669,0.618158470771955,0.5918406616629666,0.6314911664078801,0.5821233766522665,0.6251468187055929,0.5607306677581674,0.6132344828199869,0.5938049179817322,0.616827648186789,0.5971169588952114,0.6238671602148003,0.5832217362869104,0.6174877762304964,0.604790460788283,0.6281499285927205,0.5899178649445871,0.012711028311479586,0.6215507614551958,0.005795755771837501
6350,0.5935263049887021,0.6247341035870639,0.6043990961728569,0.61852801511086,0.5893089230864285,0.6192755039895494,0.5923030159935037,0.6325488101962999,0.5824996028103375,0.6264999426281599,0.5612808483971191,0.6143784864425929,0.5942795862166361,0.617866032340065,0.5976289432107047,0.6248593286612061,0.5838467377489056,0.6188551449300946,0.6051573422715718,0.6290138222002541,0.5904230400896766,0.012688269117656364,0.6226559190086145,0.005740830330393153
6400,0.594117064404138,0.6255094848456989,0.6049319884246795,0.6194312376049068,0.5898573114085204,0.6201946440063568,0.5927661907826476,0.6336311439166087,0.5829278249867567,0.6276628928669932,0.561913627269424,0.615313768239667,0.5946481654167597,0.6187592210737379,0.5981327462491846,0.6258132056720822,0.5843555864931245,0.6198263483015712,0.6055938809283021,0.6298223205803422,0.5909244386363538,0.012652080739263279,0.6235964267107965,0.005770641771145424
6450,0.593921015713901,0.6256813483204628,0.6047256799367622,0.6196985128690682,0.5897368312471225,0.6202891957158121,0.5923978900461254,0.6340638328367543,0.5826266493515518,0.6281097714578574,0.5617936779562374,0.6155566751504938,0.5943382397651167,0.6189612451246949,0.597903781673196,0.6258865671771441,0.5841305018198244,0.620179528496104,0.6053090335386246,0.6298280722022915,0.5906883301048461,0.01261996510716461,0.6238254749350685,0.00579047593510895
6500,0.5926114548815644,0.6257901812838533,0.6039295763723408,0.619884020563027,0.5889040126342824,0.6204442036136116,0.5914304920561735,0.6341681497153839,0.5818475914283375,0.6284860622147914,0.5606198856364757,0.6157208909495964,0.59354518307213,0.6191579371474617,0.5970272055053067,0.6260384931937759,0.5832620536310634,0.6203881853085532,0.6043936126204932,0.6298924448542877,0.5897571067838168,0.01268283682995134,0.6239970568844342,0.005775585063869145
6550,0.593795159731842,0.6265968908727104,0.6049891616643579,0.6204904400321516,0.590015103124519,0.6212626981683855,0.592556607323038,0.6351425016674362,0.5828913558394473,0.6291979845398731,0.5618693670583004,0.6167333641167718,0.5946970182819421,0.6198817189130026,0.5981475958989619,0.6265664280950182,0.5843182964787167,0.6214502847468062,0.6053565855181023,0.6308034263677252,0.5908636250919228,0.012634051412130797,0.6248125737519882,0.00577604004971011
6600,0.594843869979679,0.627448911194356,0.6058419630319408,0.6210646665280825,0.5910289139094762,0.6219635198140143,0.59351468074004,0.6359787372145411,0.5838558525689704,0.6298888073410064,0.5629886686153311,0.6176850842323633,0.595796548403382,0.6205852781089187,0.599132381202883,0.6271816415447337,0.5853714411773441,0.6223660151792191,0.6063163136303279,0.6315210612726277,0.5918690633259375,0.012582691437806532,0.6255683722429863,0.005765089413595565
6650,0.5949297913632116,0.6284862255937897,0.6059460011282216,0.6219626423958711,0.5912725433818019,0.6229229988801981,0.5937271093111955,0.6370252418519672,0.5839772545486693,0.630713200191966,0.5632161891370788,0.618879503414133,0.5959546101321029,0.6215485051064653,0.5992406079766947,0.6280136775812277,0.5854338390684595,0.6234497478340673,0.6063998682338281,0.6324876232413637,0.5920097814281263,0.012552087032796116,0.6265489366091049,0.00573363979029058
6700,0.5955219913354807,0.6294492348569352,0.6063962450964417,0.622845358800503,0.5918753942690513,0.6238621029632323,0.5943488450788956,0.6379194918263587,0.5844994297459549,0.6316200645870149,0.5639159742153261,0.6199371676129124,0.596575029139355,0.6224651894371405,0.5996307448395143,0.628909269030401,0.5858707549495127,0.6245571653569624,0.6068842509619121,0.6334707791800874,0.5925518659631444,0.012496142176474602,0.6275035823651547,0.005706549647687842
6750,0.5959637446515639,0.630293500613619,0.6068168720355568,0.6236862126438687,0.5922421245314936,0.6247906232379183,0.5948217602573883,0.6388484070781785,0.5850276957776377,0.6324810731699227,0.5644434724203125,0.6209503217353809,0.5970756700056387,0.6233058103087996,0.6000699131812,0.6297524378918039,0.5862772189790707,0.6256255389896845,0.6072866741019602,0.6343312589140602,0.5930025145941823,0.012465576421110241,0.6284065184583236,0.005684400774836874
6800,0.59459291942539,0.6306554685474679,0.6056119530732419,0.6237017369155244,0.5907583111469568,0.6249007271096261,0.5934744277149335,0.639332330659995,0.5837935206178991,0.6326481274972533,0.5630825209758987,0.6211926531888716,0.5956826065666188,0.6235700588847695,0.5989794438249176,0.6300634317763778,0.5853165622158121,0.625893970380673,0.6060360489183885,0.6345512865355099,0.5917328314480057,0.012483458253045046,0.6286509791496069,0.005759031127039701
6850,0.5944213513204434,0.631182048014638,0.6056007547724656,0.6239671910864966,0.5908292388560785,0.6253563522598247,0.5933796080737781,0.6399979374453729,0.5836534377271874,0.6329781042468204,0.5630498443894429,0.6215952532653711,0.5955039372329911,0.6240110969523203,0.5988211275026344,0.6305464340268417,0.585158489964957,0.6262395749095335,0.6060002470981286,0.6349819475416799,0.5916418036938107,0.01248211864722682,0.6290855939748898,0.005827023970852896
6900,0.5953874555574925,0.6318113083630968,0.6065297546895206,0.6244334467115585,0.5918421900781214,0.6261650322094159,0.5943230144283589,0.6407023436454816,0.5846591761362485,0.6337820827269153,0.5639992378388679,0.6220922336591437,0.5964934506845261,0.624490203391617,0.5996948821690782,0.6312168834906979,0.5860720120648486,0.6267234774007062,0.6068036563464103,0.6355947491962849,0.5925804829993473,0.012455531081978631,0.6297011760794918,0.005900413684827616
6950,0.5966834445374499,0.6329021658644947,0.6078103118007823,0.6251317949873637,0.5931888652350981,0.6272229085845822,0.5956393968417494,0.6419381710477601,0.5860002535292888,0.6348886483267067,0.5655866184826877,0.6230507420762037,0.5978079777216168,0.6254954887883715,0.600876235452248,0.6323045611126314,0.5873901373082433,0.6275664810134733,0.6079438674082063,0.6367518873847045,0.5938927108317371,0.012348536858197236,0.6307252849186292,0.0060221485512330485
7000,0.5980863764746303,0.6340974644151216,0.609265950774418,0.6260516664868947,0.5946657138748067,0.628309303802778,0.5968781584950282,0.6433167743301494,0.5873507392626149,0.6358971823727513,0.5670240135508176,0.6241685542731816,0.5991223129072336,0.6265999712364722,0.6021766899571344,0.6333524091452039,0.588584175265763,0.6284990631878777,0.6092891713307526,0.6379326014613471,0.5952443301893199,0.012342761710557542,0.6318224990711778,0.0061111809628056
7050,0.5812064825930372,0.6253365631967073,0.5908724918538844,0.6279210255530784,0.5713957725947522,0.6223392214028468,0.5821522894872235,0.632151432001372,0.5695697564740181,0.6317779969130509,0.5451796432858858,0.6212347796261362,0.574996784428057,0.6199785628537129,0.5837761533184702,0.6290833476247641,0.5738754073057795,0.6235264105642256,0.5966806722689075,0.628862973760933,0.5769705453610016,0.014074602773975526,0.6262212313496827,0.004359600452445936
7100,0.5822998944383394,0.6266848163112503,0.5924154774532263,0.6289246590256494,0.5730100862957026,0.6234258600176827,0.5836662112277369,0.6330639325050542,0.5711917262069237,0.6327455921533772,0.546534992608137,0.6224377315660774,0.5764778738599701,0.6213146268053612,0.5851492528127492,0.6301717042966185,0.5751382976601136,0.6246775742804764,0.598186351348426,0.6300048939523397,0.5784070163911325,0.014091564594288158,0.6273451390913888,0.004252979936844385
7150,0.5828701750807725,0.6273780361640593,0.5929276166773212,0.62916352545007,0.5734659098810418,0.6239579202694965,0.5843798553656756,0.6338179340325552,0.571660193196936,0.6330931189341511,0.5471169847354783,0.6228765972796677,0.5769424939286201,0.621821822749839,0.5856371145785179,0.6305562660897364,0.5756289772648259,0.6250940257958322,0.5985982413120164,0.6305394099246572,0.5789227562021205,0.01407363570200487,0.6278298656690064,0.00426125586266745
7200,0.5836768729270996,0.6276638875279332,0.5937200976206126,0.6290228441103584,0.5743522467342993,0.6241284247442228,0.5850483814484018,0.634272483346715,0.5723755255601407,0.6331260729292753,0.5480879422309565,0.6229096314792586,0.5775831158012593,0.6220272301762,0.586378886969372,0.6303905870499974,0.5763890080160865,0.6252618648248232,0.5991209877204382,0.6307010383382237,0.5796733065028666,0.013983210024403898,0.6279504064527007,0.00426664169617185
7250,0.584372854021758,0.6281052162356742,0.5943696593313418,0.6291953160604025,0.5751554036173533,0.6244722425438876,0.5856295430346402,0.6347675374586799,0.5731052349302216,0.6333135171131963,0.5486608680335289,0.6232541889287568,0.5784101243021222,0.6224515696980498,0.5870424353760658,0.6307407319704594,0.5771098146788755,0.6255698201875355,0.5996587621966342,0.6310348595146313,0.5803514699522543,0.013968847085349992,0.6282904999711273,0.00425584053732394
7300,0.5845112283838296,0.6287350428126092,0.5944962995566727,0.6298236632842018,0.5751556512767881,0.6250100549920405,0.5858968578510821,0.6353686562281756,0.5733740098153223,0.6339867393733688,0.5487736209810455,0.623833981871726,0.5786135372575096,0.6231426109318285,0.587277124655913,0.631404411161103,0.5774927408113874,0.6260586617517179,0.5997721280983297,0.6316638815198116,0.5805363198687881,0.013971999190252472,0.6289027703926584,0.004275599748965818
7350,0.5850941681184687,0.6294740455485559,0.5951680287594026,0.6306890123335924,0.5758629193038396,0.6259069751628182,0.5865561426484064,0.6362346024670462,0.5741375517722909,0.6350171778935032,0.5490969880211485,0.624520372813746,0.5793630149527756,0.6240951754021249,0.587984117770671,0.6320731568941582,0.5781269521497252,0.6268786208857132,0.6003775163145952,0.6325184262452489,0.5811767399811324,0.014041758092921292,0.6297407565646507,0.004296655213531769
7400,0.5856177659971306,0.6301861187689387,0.5956677239146733,0.6315134755390887,0.5763439639844135,0.6268455567718586,0.5873807951855554,0.6372508460221399,0.574713141645605,0.6360166442321813,0.5495993318876006,0.6252623288989123,0.5798706325467229,0.6250894430186444,0.5887191352939812,0.6328050347622657,0.5789010478511506,0.6276599509654965,0.6008553172984731,0.6334518313496205,0.5817668855605307,0.014055462612020172,0.6306081230329146,0.004335521070846558
7450,0.5855633152737081,0.6305401445227867,0.595547684965049,0.63178442859284,0.5762164391741025,0.6272767267572382,0.5873485397235669,0.637708109540629,0.5746562362265227,0.6363244494951963,0.549473017417149,0.6254511034739361,0.5797317436661699,0.6254539313922771,0.5886663496704869,0.6330339645112408,0.5788819542046904,0.6281408578045901,0.6006833866665267,0.633811642055024,0.5816768666987973,0.014053710855513905,0.6309525358145758,0.004343343475239136
7500,0.5840206646768596,0.6305984386742092,0.5941052468555017,0.6319016164941869,0.574760198028462,0.627358549235687,0.5858466382786819,0.6378401432532662,0.5730750542957324,0.6363507971732918,0.5479433422579081,0.6253163155214978,0.5781736171489855,0.6253921469894705,0.5871301560884443,0.6330639644450722,0.5774034663406582,0.6282267994827411,0.599154459070868,0.6337011092659233,0.5801612843042102,0.014062940181751192,0.6309749880535346,0.004379821506445492
7550,0.584290228136473,0.6311460939763347,0.5944377961591907,0.6324288610232089,0.5750954703060748,0.6279971579078663,0.5864178122505648,0.63845336310915,0.5735225962663071,0.6370414825104934,0.5480961927840667,0.6258341074168962,0.5786219838137832,0.6260285747418027,0.5875949771640367,0.6334478219858859,0.5777960954308548,0.6288842158284448,0.5995009203325551,0.6341364275953916,0.5805374072643906,0.014117546392187867,0.6315398106095474,0.004370676199880624
7600,0.5848597390270769,0.6322345534419777,0.5951070446540211,0.633363005839375,0.5757820499677613,0.6289639809552383,0.5873790654070958,0.6391996102069727,0.5742843074662701,0.6379167921712081,0.5487096813774481,0.6267775302210319,0.5794351721711211,0.6270462847555225,0.5883670054926461,0.634296324237503,0.5785444032758763,0.6299309431463438,0.6002143703326659,0.6349272443081628,0.5812682839171983,0.014145335513875413,0.6324656269283336,0.004291351639750095
7650,0.585633918991759,0.6332384385569755,0.5958970622983355,0.6341584238214851,0.5765860211777463,0.6297995021857513,0.5881623058447765,0.6400101591535192,0.5751160105350108,0.6388385539876054,0.5493035436338396,0.6276269215995635,0.5802563299114337,0.6280802305781872,0.5892875185913689,0.6351208699443566,0.579528008243697,0.630768238806158,0.6009819466652303,0.6355899051668181,0.5820752665893197,0.014191480864239499,0.6333231243800419,0.004256883237900859
7700,0.5862458695703963,0.6342867542331412,0.5964848047445706,0.6349897229873516,0.5772949293692144,0.6307066905832258,0.5888273270511359,0.6407665639941746,0.5757698777107745,0.6396898501856423,0.5498258394911444,0.628515380761073,0.5809532959275848,0.6289859792881973,0.5898927152519616,0.6360137141393182,0.5802446643695209,0.631684598227972,0.6015623871100525,0.6363651985164235,0.5827101710596356,0.014199739419098934,0.6342004452916521,0.004215031470644028
7750,0.5867189836822276,0.635204427031303,0.596940238258641,0.6357110961705357,0.5778016456272241,0.6315134238225277,0.5892686234854725,0.6414621400602649,0.5762548693193215,0.6406051476187908,0.5504009708184181,0.6293808355695703,0.5815215514783216,0.6299057385905366,0.5904565414826629,0.6368598307197456,0.5807473874145093,0.6326846597577065,0.6019590172170519,0.6371476932781766,0.583206982878385,0.014159994905430068,0.6350474992619157,0.004174218478673052
7800,0.5857660456882939,0.6355392537545251,0.5960469331540941,0.636000198869297,0.5769161692686042,0.6318821398798845,0.5882542243345875,0.6416502451757816,0.57533446462728,0.6409341615443048,0.5493918492108242,0.6297562425110871,0.5806655877878836,0.6301886676103965,0.5895557390942737,0.637205747631008,0.5798498768050955,0.6329450885642831,0.6009791615038373,0.6373275358051451,0.5822760051474775,0.01417008041116365,0.6353429281345714,0.004142296728815157
7850,0.5850300127999988,0.6361224159260626,0.5955141039292511,0.636421069801154,0.5764308870900736,0.6322368524332058,0.5874870152570012,0.6421774317987501,0.5747239653270508,0.6413431153964113,0.5486191278617646,0.6303170440617846,0.5801569770714231,0.6307424343889982,0.5889439101220307,0.6377998551911594,0.5793174916597077,0.633511491856513,0.60032645165885,0.6376999210098788,0.581654994277715,0.014195604390475245,0.6358371631863918,0.004123884627840338
7900,0.5863710352640342,0.637228299633783,0.5967840841093303,0.6371244487438797,0.5779079485493019,0.6328547696659539,0.58879612472606,0.6430097129112524,0.5760964542719424,0.6421549402020489,0.5500525150745463,0.6312148385803393,0.5814744467847879,0.6316363286389941,0.5901522727938437,0.6384155473531528,0.5805662270058723,0.6342409698227574,0.6015313631589538,0.6384901069664166,0.5829732471738673,0.01412993057678294,0.6366369962518579,0.004119012651451768
7950,0.587203055084267,0.638225819680031,0.5976741039353032,0.6378055339386406,0.5788096237875683,0.6335558101291132,0.5896476667527144,0.6438535667027866,0.576982968222694,0.6430231999996976,0.5509598351209966,0.6321467946220055,0.5824578325274707,0.6325239935158073,0.5910453436157197,0.6391994312536119,0.581406173286986,0.6350767002580298,0.6022611524068728,0.6393275579319675,0.5838447754740594,0.014098620422519702,0.637473840803169,0.004117191175093588
8000,0.5876143362666357,0.6390828839120513,0.5981156038843819,0.6384583695255005,0.579360644477817,0.6341630023857725,0.590206277514966,0.6445919795528807,0.5773917154768033,0.643745524094501,0.5513932529163095,0.6328749179925862,0.5829896250998453,0.6333694973353928,0.5914808426550462,0.6399210776046436,0.5818459338405306,0.6358224907045746,0.6026233359583216,0.6400604010186006,0.5843021568090657,0.01409004415959494,0.6382090144126504,0.004116619715541112
8050,0.5877151510922531,0.6398745633729974,0.5982052069484189,0.6390689420090683,0.5794755363874803,0.6346632118358801,0.5904536666966427,0.6453124142931186,0.5775695086306714,0.6443959686841281,0.5514793544133236,0.6336273596328845,0.5830747123327236,0.6341396885502882,0.5916298216475946,0.640564136453378,0.5819838211528034,0.6364994613643173,0.60274806813191,0.6407193650255847,0.5844334847433822,0.014100436268899858,0.6388865111221645,0.004117104227429724
8100,0.5874023765197153,0.6400529631597545,0.5978943399052788,0.6395475810066782,0.5791740654045338,0.6351441191945476,0.5901636244243074,0.6457649309280158,0.5772585817634537,0.6447000317764127,0.5512265806540602,0.6340777368964938,0.5828654315270215,0.6346012875935911,0.5914339393593326,0.6408953903437525,0.5816887402116969,0.6369049848181421,0.6024107062409692,0.6411816376087378,0.5841518386010369,0.014087301887099854,0.6392870663326125,0.004082829299476467
8150,0.5867121785072249,0.6401370071469654,0.597321352577119,0.6397829197216378,0.5785919332178588,0.6354049105772657,0.589621148562335,0.6459575264579946,0.5767923879678072,0.6447803055173896,0.5504692487414421,0.6341886331672697,0.5822851645474847,0.6348319595404454,0.5909741236151995,0.6411896895342295,0.5812065059235031,0.6371001824231886,0.6018351382212137,0.6414008155432958,0.5835809181881187,0.014132855043372495,0.6394773949629682,0.00406967426634847
8200,0.5870854965583074,0.6406077620155332,0.5978415411694102,0.6405286721060508,0.5790584199813333,0.6360582614353574,0.5900173155639789,0.6467423561982506,0.5771401235193985,0.6454197971563516,0.5509095522668963,0.6348451833329732,0.5826487723305416,0.635549303221559,0.5914548479002179,0.6417490733482017,0.5816574022845998,0.6377381896978802,0.6022425650908124,0.6421203565343827,0.5840056036665497,0.01413997757230502,0.6401358955046541,0.004080942921417539
8250,0.587750384899635,0.6409354907847876,0.5985710589679705,0.641234604469457,0.5799488668431025,0.6364837184998176,0.5906953083181623,0.6474752366982652,0.5777731968666568,0.6459003412879865,0.5518003405238274,0.6354797590642909,0.583399772717266,0.6362180822591743,0.5921461188543873,0.642145045392867,0.5823090266469537,0.638280947804662,0.6029011116330844,0.6427825723704105,0.5847295186271045,0.014081982539051565,0.6406935798631718,0.004091737428259074
8300,0.5888952899443035,0.6412917257498547,0.5997512267785441,0.6419340011406174,0.5812145659089915,0.6369183944995768,0.5917829977118939,0.6481574905548269,0.5788006085703984,0.646352899226051,0.5531683596915776,0.6359868058697317,0.5846011581932244,0.63695202716362,0.5932765773086563,0.6425093728448424,0.5835341348033339,0.6389179106231844,0.6039041375047962,0.6434196246233052,0.5858929056415719,0.014003965711032159,0.6412440252295609,0.004094586790877901
8350,0.590678076044749,0.6437618958760962,0.6014101778050276,0.644503327735274,0.5831011471578742,0.6389294377948977,0.5931398004247417,0.6508445960955758,0.5806529292067639,0.6483348883498166,0.5543809701525693,0.6385754271852424,0.5861765254711699,0.6390769422155875,0.5952670629737247,0.6449756973138201,0.5849458409973431,0.6404474893148153,0.6056200961444477,0.6457782635353078,0.5875372626378411,0.01412416984806634,0.6435227965416435,0.004213472855783535
8400,0.6023837355455002,0.6607038712921067,0.6106682063851181,0.6610913147310206,0.5912870789341378,0.6486378205128205,0.6038119029663147,0.6686123680241327,0.5936103255404727,0.6599541226747109,0.5638367269984916,0.6560382101558572,0.5940075100553042,0.6483455882352942,0.6084505404725993,0.6599638637506284,0.5927226307189543,0.6525493338360985,0.615800810708899,0.6534926470588235,0.5976579468325792,0.014581738337799579,0.6569389140271493,0.006330161543340253
8450,0.6026062650301383,0.6601639651456948,0.6110346981479746,0.6606389955963646,0.5917516162278647,0.6484012617508355,0.6041434773103469,0.6679202973234641,0.593903932040351,0.659722040038727,0.5643937974327743,0.6554998594584467,0.5944429869764827,0.648208875979887,0.6087474624441738,0.6594037914987976,0.593138449045879,0.6523707798494645,0.6159114900527811,0.6533336456478964,0.5980074174708766,0.014478628558145959,0.6565663512289579,0.0061658330706728754
8500,0.6032939094803502,0.6603576084932017,0.6118113242689514,0.6607782330663687,0.5926015086608307,0.6489079282299621,0.6048609300304216,0.6681234866828086,0.5945210157074564,0.6601778729744832,0.5653130626435712,0.6557745079778978,0.5952672750977835,0.6488976842366673,0.6095312597007512,0.6595560936238902,0.5940069534984789,0.6528614887936922,0.6165847147203078,0.6539563543800833,0.5987791953808903,0.014419260859390865,0.6569391258459055,0.006008309071892969
8550,0.6035284951710944,0.6601937733345675,0.612172698941652,0.6605942793668426,0.5932614397235336,0.648933629547348,0.6051979388441482,0.6678166558671974,0.5948219630349594,0.6601740257335925,0.565730815514209,0.6556681785923663,0.5956831435712302,0.6490851306735783,0.6097904902959055,0.6595109383196026,0.5943197877132895,0.6528742016106637,0.6168490234194205,0.6542016106637045,0.5991355796229442,0.014365900359472114,0.6569052423709463,0.005876005532588731
8600,0.6042898110661269,0.6606701631701631,0.6130629677340204,0.6609173721015826,0.5941767881241565,0.6492924181082076,0.6058986627407681,0.6682578824684088,0.5954915041099251,0.660299349773034,0.5667175806649491,0.6562329775487671,0.5965619249171881,0.6493111274690222,0.6105775364985891,0.6599024659550975,0.5951055085265611,0.6531928597718072,0.6175791313949208,0.6546478959636853,0.5999461415777205,0.014307927617658492,0.6572724512329775,0.00589975661761637
8650,0.6047926766059941,0.6613847983170219,0.6138987469130157,0.661358578005427,0.5949352114393731,0.6496130979603038,0.6065136132199151,0.668716119393884,0.5960552150980213,0.6606509344797097,0.5673947376444404,0.6569163694015061,0.5973833043690358,0.6495862678740205,0.6112454648007561,0.6604033659562791,0.595697429799689,0.6535656574895576,0.6181590902161651,0.6551464983688526,0.6006075490106406,0.01430139737056118,0.6577341687246563,0.005960799853482603
8700,0.6104005242229562,0.6610385862471025,0.6176855277766164,0.66213429816371,0.6002262845436682,0.6521117568088595,0.6119024102178185,0.6689750941836103,0.6016465873248138,0.6618968068155953,0.5733013561975371,0.6567564836880025,0.6023885300388813,0.6514727366900326,0.6146743523279959,0.6599791657956715,0.6006353619391371,0.6541040130811862,0.6232241860259858,0.6560588165614505,0.6056085120615411,0.01384216713587836,0.658452775803522,0.005391351877224401
8750,0.588862902789403,0.6455757476552608,0.5958293432091879,0.6460423128603732,0.5759300545259383,0.6403423021721801,0.5910784817596697,0.6548069004266931,0.5801700634210994,0.6493047693840612,0.5521691512901619,0.6399013132477864,0.5770741219460911,0.6417896504368563,0.5931598525621644,0.6501393638075168,0.5788520772920589,0.6429368139330963,0.6028392633061948,0.642846893114569,0.583596531210197,0.014214011933945406,0.6453686067038393,0.004808190860883253
8800,0.5897718054271988,0.6462945313434657,0.5968873458413325,0.6465605678729042,0.5769811759082244,0.640824991589338,0.5920839679803358,0.6553312087880911,0.5811344504191146,0.6498140286896578,0.5533229273974535,0.6406550386756626,0.5781355175092986,0.6422397492297921,0.5941323689642962,0.6507218716553065,0.5799213613148093,0.6433796381421443,0.6037874341365548,0.6434644807777902,0.5846158354898618,0.014160776712705136,0.6459286106764152,0.004796391333018558
8850,0.5901343407447931,0.6466401243760775,0.5973269946164188,0.6471097542252717,0.5774040458411949,0.641201198740168,0.5927376599768139,0.6558339601716636,0.5816440184456768,0.650175253087916,0.5536338574118632,0.64131694320725,0.5786253495283347,0.6426808653641733,0.5946085961154028,0.6510980158737549,0.5803137553119393,0.6438236756770851,0.6041455410840972,0.6439431452534525,0.5850574159076535,0.014190860205968867,0.6463822935976813,0.004775543189084351
8900,0.590599273218633,0.6468354165845508,0.5980017348155363,0.647265813790646,0.5781643122678547,0.6412902498763964,0.5932717303634251,0.6559023276103114,0.5821489915028957,0.6503330882864504,0.5543758063334259,0.6416748826592251,0.5793269402462126,0.6428785134445558,0.595175583278156,0.6511819786579067,0.5808708943294176,0.643941676549225,0.6046086096900478,0.6440760599424002,0.5856543876045605,0.01412053494505872,0.6465380007401668,0.004733576423294952
8950,0.5911264303968855,0.6470558066834833,0.598618976118694,0.6474774070342295,0.5788563610498085,0.6414413945266648,0.5938154147924124,0.6560785276021985,0.5826917933111513,0.6506429602604191,0.5549603266968757,0.6420455217915833,0.5799983377952485,0.6431151715897647,0.5957307638593554,0.6513804321153739,0.581405557181816,0.6441871884516747,0.6050901338416734,0.6442492581227763,0.5862294095043921,0.01409397122960838,0.6467673668178169,0.004720924919645194
9000,0.5917084648556574,0.6474899251568135,0.5992845691136466,0.647769727433358,0.5795572011299828,0.6418115079276876,0.5944740619367181,0.6565013889437308,0.5833504832080717,0.651007850415088,0.555651103819981,0.6425795259521841,0.5807192958187342,0.6435721702902804,0.5963629888008485,0.6516469501944103,0.581996841633742,0.644572136557109,0.6056759591530516,0.6446976553353718,0.5868780969470434,0.014068075149299414,0.6471648838206033,0.0046892360467569545
9050,0.591697284429155,0.6478319868104633,0.5993627535991851,0.6480701514451471,0.5797287315211154,0.6421589364129027,0.5944764785122718,0.6569241037430589,0.5834091031411471,0.6512916141348111,0.5556332826236798,0.6430668740813696,0.5808381731108487,0.644001072260866,0.596498407859017,0.6519179663236248,0.582084767369573,0.6449381304960194,0.6057077870735366,0.6451547147107481,0.586943676923953,0.014074143674740094,0.6475355550419011,0.004662101830070664
9100,0.5917211323906827,0.6483459663823616,0.5995005466608445,0.6486499971949538,0.5799616548893507,0.6426503007087072,0.5945453097688772,0.6574415548590768,0.5834329318627136,0.6518366330759153,0.5557133878779089,0.643677955878821,0.5809650082768252,0.6445036994293476,0.5965875643641761,0.6524242708624987,0.5821409301739982,0.645497487221528,0.6056580754694445,0.6457932450868388,0.5870226541734821,0.014050190017169539,0.6480821110700049,0.004649581271709861
9150,0.5908737553596048,0.648596560546985,0.5987434636536598,0.6489194414674216,0.579193229577846,0.6427343181030026,0.5937537194930872,0.6576081773192092,0.5826788525079442,0.6519973501142293,0.554877160005234,0.6438438356608096,0.5802027465958043,0.6446620920061523,0.5958618285599999,0.6525703609196862,0.5813499250253021,0.6457867767409541,0.6048096917746857,0.6461235394844034,0.5862344372553168,0.01405546449685074,0.6482842452362854,0.00464446601063035
9200,0.5903495436650307,0.6483292513744499,0.5982695493706558,0.6487495044005145,0.5787274002161082,0.6423549609412645,0.5932532262216416,0.6573355498016452,0.5820881462828186,0.6517163271623795,0.5544549760489007,0.6436412828555937,0.5797248620821083,0.6444388433430157,0.5954034441831638,0.652322422007148,0.5808344169845618,0.6455242413653214,0.6042865297401869,0.6460298742640779,0.5857392094795176,0.014037861205163158,0.648044225751541,0.004641060797267395
9250,0.5909239963913481,0.6487273757022013,0.5988875102665843,0.6491874813638142,0.5794648233969575,0.6426529641608194,0.5939556097175333,0.6577833227712393,0.5827242017357422,0.6520780125672396,0.5552116625854533,0.6440409072063478,0.5804084213062984,0.644812664548147,0.5959870651842621,0.652684538594095,0.5814134090041915,0.6458828550649371,0.6048505813218963,0.646588265678736,0.5863827280910268,0.01398773329292604,0.6484438387657577,0.0046566244743115074
9300,0.591080276725814,0.6490659732763979,0.5990112312741527,0.6495043137607819,0.5796432302811876,0.6429064552588092,0.5941266672548283,0.658096444512642,0.582905251971205,0.6523502406196021,0.555462963641755,0.6443819993230243,0.5805947375379472,0.6450941130165131,0.5961577206699278,0.652990561523261,0.5815668473030559,0.6461998230964989,0.6050150297194343,0.647002183360302,0.5865563956379308,0.013960918611187527,0.6487592107747833,0.004656158639603821
9350,0.5912287987844473,0.6496466998292263,0.5992801510591714,0.6500911689664005,0.5799320424789813,0.6434060313556886,0.594301367672764,0.6586469484604348,0.5831539409303533,0.6528693524703106,0.5556828320527611,0.6450270364442067,0.5808886064308751,0.645573321192555,0.5963702357521622,0.6534442964277302,0.5817432290733094,0.6467400526776375,0.6051638364021732,0.6476616725061901,0.5867745040636998,0.01394317268162119,0.649310658033038,0.004644573832404395
9400,0.5913059359771624,0.6502540547122067,0.5994138602890345,0.6506743331860734,0.5801071772612595,0.6439476274517599,0.5944749006745207,0.6592706655875936,0.5832981434492187,0.6534412706460863,0.5558972870411971,0.6457372486985993,0.5810954942197334,0.6459265115211554,0.5965016629876674,0.6539165528464553,0.5818366694343542,0.6472386004151781,0.6052260040617752,0.6483319244878841,0.5869157135395923,0.013908564927943151,0.6498738789552992,0.004658213155848651
9450,0.5913767608006507,0.6506906692453575,0.5994829522694377,0.6509751275524477,0.5802152533804911,0.6442115345357001,0.5944578122719392,0.6596130621066475,0.583250304164007,0.6537461095229132,0.5560780708753732,0.6461719097919054,0.5811404888356331,0.6461301361943605,0.5965252323718526,0.6542140732763604,0.5819186464160864,0.6474313340274049,0.6052036972617656,0.6487501861784593,0.5869649218647238,0.013860832783232729,0.6501934142431558,0.004673245989104251
9500,0.5909222878755692,0.6511457900811375,0.5991761360896364,0.6512968919750056,0.5798958064649353,0.6444461151109561,0.5941008683041891,0.6599559455133001,0.582955434338808,0.654130979869815,0.5557224710773416,0.646720309899845,0.5808224493394424,0.6464136546651535,0.5962488151113765,0.6546258323896679,0.5816023181157322,0.6477344978978041,0.6048690421401173,0.6491881426312849,0.5866315628857148,0.013864261595876616,0.650565816003397,0.004686066187119169
9550,0.5912991728853381,0.6516292021382442,0.5997918131710145,0.6515490167575148,0.5805034166105246,0.6446124893895802,0.5946568742115207,0.660204118527767,0.5835064329090641,0.6545262064763715,0.5562232341322109,0.6472133489473455,0.5814708064952125,0.6465435796475729,0.5967996194391992,0.654814480299116,0.5821554568242309,0.6479851947287214,0.6053573181089336,0.6495596322196666,0.5871764144787248,0.013860876381003528,0.65086372691319,0.0046948460114981504
9600,0.5915562923223296,0.6519547628897556,0.6002328056877395,0.6519317661110172,0.5810969169882342,0.6447308386068943,0.5949583476961264,0.66049806619109,0.5837508431132843,0.6548900325844782,0.5567775788257404,0.6475469654160253,0.5818577678592616,0.6466733324705464,0.5971754573484371,0.6550314383090615,0.5824677941122864,0.6482253703888096,0.6056353361651992,0.6498686614822793,0.587550914011864,0.013795186200080764,0.6511351234449957,0.004738959885508763
9650,0.5917958213194422,0.652069276908338,0.600516269823985,0.652237668083959,0.5815434267944914,0.6449445294646841,0.5952904248932773,0.6606759640333969,0.5840775679836787,0.6550579769357625,0.5570923954107078,0.6478597408576611,0.5822002010473833,0.6467912355799846,0.5975107793469683,0.6552434019008249,0.5827780115192218,0.6484381596791224,0.6058843468965287,0.6500755935241427,0.5878689245035684,0.013774405445034795,0.6513393546967876,0.00472913755068539
9700,0.5918907235244755,0.6524868271970787,0.6007558159658559,0.6527385560782965,0.5817847771315929,0.6453123120353756,0.5954955295129118,0.6611095095667868,0.5843056966487866,0.6554088185952125,0.5573300424623054,0.6483195039779215,0.5824049015485925,0.6470151126886121,0.5976885963670198,0.6556537701603974,0.5830174014850552,0.6488048082152689,0.6060067836092548,0.6504231344650967,0.588068026825585,0.013748345333821098,0.6517272352980047,0.004758708781053112
9750,0.5918909639597061,0.6529204293660655,0.6009343235953184,0.6533251600684647,0.582058006264297,0.6457409737950714,0.5955605062769374,0.661555807933733,0.5843493935901347,0.6558994495806908,0.5574811496855934,0.6488276172244335,0.582477905339243,0.6474745020861328,0.5977513730386752,0.6561664610910778,0.5832164606215807,0.6493695855832083,0.606107220169409,0.6508885897482507,0.5881827302540895,0.013726027980803869,0.6522168576477129,0.0047596148651654156
9800,0.5918971894190852,0.653315702786535,0.600966055609031,0.65390942845462,0.5821537656074528,0.6461737506194123,0.5956058792013755,0.6619804092084719,0.5844244848729285,0.6562409812496214,0.5576773710526763,0.6494077472697362,0.5825877433850123,0.6478615218106166,0.5977732533172835,0.6566177180289265,0.5832984658214957,0.6498896254642449,0.6061440906812373,0.6513908245314322,0.5882528298967579,0.013675049851252436,0.6526787709423617,0.0047411230955656716
9850,0.5917737419885597,0.6536496620786943,0.6009476615683638,0.654339632890737,0.5821796692571545,0.6465131338660118,0.5954985360753955,0.6623393393672424,0.584323200816529,0.6566163459708063,0.5576382937612677,0.6498800770689773,0.5825511003676429,0.6481513380454338,0.597664105721826,0.6570225615214047,0.5832378548102235,0.6503167885670693,0.6061581800971534,0.6517086426706444,0.5881972344464117,0.013672492187131952,0.6530537522047023,0.0047476322136556
9900,0.5945900787887595,0.6534282268639994,0.6025080742454211,0.653509887429314,0.5838640319653211,0.6467708378716155,0.5974257305142039,0.6616540461555552,0.586994505703808,0.6556668212438821,0.5597626460395424,0.6499688298428764,0.5847313903441171,0.6476848431375813,0.5998943659000078,0.6568342479848887,0.5859640542965204,0.64946654893555,0.6075427446298484,0.6505733005079151,0.590327762242755,0.013508277638230483,0.6525557589973177,0.0045921583334698176
9950,0.6095527824673275,0.667043955250901,0.6151565973792116,0.6658413607390826,0.5955722357545803,0.6597438837613965,0.6107694610489116,0.6713528581717726,0.601819086114526,0.666367303081574,0.5736604044985958,0.6629791076703488,0.5963879809632723,0.6601022565147047,0.612188148368376,0.6679844010189055,0.6002708664745887,0.6615431493748214,0.6212658967512266,0.6643632530376871,0.6036643459820616,0.013471298339803367,0.6647321528621195,0.0037022082312189947
10000,0.6138427441014191,0.6716677947893155,0.6176997398073083,0.6705366319018596,0.599290155991418,0.6620584408931005,0.6146137357212273,0.6723574761929896,0.6064835873679243,0.6693373547283347,0.5758980412582397,0.6684541977029768,0.5992188397517302,0.6613357696642644,0.6149714812664366,0.6705573960859319,0.6028535422533681,0.6630007855459544,0.6246498227087984,0.6701452173292058,0.606952169022787,0.013740023485726753,0.6679451064833933,0.004172502139159138
10050,0.6143214237175052,0.6719456576801422,0.6182228473732332,0.6709917789982208,0.5999071604415835,0.662439496948206,0.6151533889431156,0.672800499777602,0.6070441652972719,0.669721292132055,0.576512518378719,0.6686927016408026,0.5998613101709993,0.6617350437382623,0.6155860224436591,0.6709508515987941,0.60339834483419,0.6633850743179797,0.6251474930809529,0.6704730435158643,0.6075154674681229,0.013703840462042932,0.6683135440347929,0.0041675094795313415
10100,0.6147885495315271,0.6724175217181542,0.6188152812220553,0.6715751461961349,0.6005575696256211,0.6630555529947544,0.6158751294484957,0.6734692427301417,0.6077103672496075,0.6703088940719503,0.5770252159523569,0.6692433447340198,0.6003586914101512,0.6623301420630018,0.6161674448941211,0.6716383339632904,0.6039923721417618,0.664010475725142,0.6255397848619779,0.6710354573641981,0.6080830406337675,0.01369799746086282,0.6689084111560788,0.004160611583849053
10150,0.6144067148892979,0.6724068616361046,0.6184063296789302,0.6715795000825451,0.6002512847988652,0.6632841018178259,0.6154774124563581,0.673475743975738,0.6073477731172079,0.670179673121488,0.5765595096516597,0.6692753077097104,0.5998680807352015,0.6624181427968718,0.615686068072175,0.6718242691703303,0.6036723197307196,0.6641458571542125,0.6250667812616557,0.6711132732486685,0.6076742274392071,0.01369658564709071,0.6689702730713496,0.004106212858234337
