dataset,run,AUC_Original,AUC_Adaptive
Friday-WorkingHours-Morning,8,0.502019086,0.579179487
Friday-WorkingHours-Morning,2,0.573466076,0.54438129
Friday-WorkingHours-Morning,9,0.536919036,0.607741718
Friday-WorkingHours-Morning,7,0.497589589,0.58464976
Friday-WorkingHours-Morning,1,0.562617259,0.565650196
Friday-WorkingHours-Morning,3,0.573635612,0.581837643
Friday-WorkingHours-Morning,4,0.574802657,0.567190903
Friday-WorkingHours-Morning,5,0.571829603,0.587818122
Friday-WorkingHours-Morning,0,0.499439566,0.563273846
Friday-WorkingHours-Morning,6,0.551815417,0.543398437
Thursday-WorkingHours-Afternoon-Infilteration,0,0.929971345,0.924936824
Thursday-WorkingHours-Afternoon-Infilteration,1,0.926012834,0.929339822
Thursday-WorkingHours-Morning-WebAttacks,0,0.610273597,0.659583791
Thursday-WorkingHours-Morning-WebAttacks,1,0.601618592,0.641965417
Thursday-WorkingHours-Morning-WebAttacks,2,0.611215364,0.644788443
Thursday-WorkingHours-Morning-WebAttacks,3,0.595507092,0.636532765
Thursday-WorkingHours-Afternoon-Infilteration,7,0.923014098,0.921441475
Thursday-WorkingHours-Afternoon-Infilteration,4,0.91911113,0.919976183
Thursday-WorkingHours-Afternoon-Infilteration,3,0.920707337,0.933147443
Thursday-WorkingHours-Afternoon-Infilteration,5,0.91139592,0.911905432
Thursday-WorkingHours-Afternoon-Infilteration,8,0.920073888,0.911932674
Thursday-WorkingHours-Afternoon-Infilteration,6,0.918088111,0.92096267
Thursday-WorkingHours-Afternoon-Infilteration,9,0.913759379,0.925950745
Thursday-WorkingHours-Afternoon-Infilteration,2,0.923591137,0.91741404
Thursday-WorkingHours-Morning-WebAttacks,4,0.600169611,0.648139689
Thursday-WorkingHours-Morning-WebAttacks,5,0.626390185,0.620014889
Thursday-WorkingHours-Morning-WebAttacks,6,0.657937942,0.66347548
Thursday-WorkingHours-Morning-WebAttacks,7,0.650100117,0.616159547
Thursday-WorkingHours-Morning-WebAttacks,9,0.645509133,0.657294586
Thursday-WorkingHours-Morning-WebAttacks,8,0.62122978,0.650460062
backdoor,1,0.59692984,0.587421476
backdoor,0,0.641695672,0.591488846
backdoor,3,0.556445505,0.639609392
backdoor,2,0.667320371,0.699663691
Tuesday-WorkingHours,3,0.616454299,0.609032482
Tuesday-WorkingHours,2,0.621868859,0.630522651
Tuesday-WorkingHours,1,0.630216913,0.637073288
Tuesday-WorkingHours,0,0.635961087,0.625281164
Tuesday-WorkingHours,4,0.631925899,0.634795349
Tuesday-WorkingHours,5,0.644105801,0.645925227
backdoor,5,0.638009869,0.68025257
backdoor,4,0.6077242,0.673543916
campaign,0,0.698532259,0.737047749
campaign,1,0.718033049,0.747049107
Tuesday-WorkingHours,7,0.635253389,0.630066672
Tuesday-WorkingHours,6,0.669449617,0.646733046
campaign,3,0.71292203,0.743154721
campaign,2,0.70235486,0.730943713
campaign,4,0.702485819,0.717536409
campaign,5,0.710254745,0.750349201
campaign,6,0.720917464,0.720798938
campaign,7,0.716774527,0.728942492
backdoor,6,0.592345483,0.656551432
backdoor,7,0.657201889,0.64865039
backdoor,8,0.590480978,0.573189986
backdoor,9,0.638122382,0.597778171
campaign,8,0.697995217,0.748322025
campaign,9,0.703140282,0.710994401
Tuesday-WorkingHours,8,0.608850976,0.628857367
Tuesday-WorkingHours,9,0.624025349,0.62920595
celeba,0,0.786387676,0.808631427
celeba,1,0.79228672,0.817020024
celeba,2,0.788404838,0.814150094
celeba,3,0.796959935,0.810365003
celeba,4,0.789925657,0.81088125
celeba,5,0.796903172,0.806269351
celeba,6,0.793679628,0.812977526
celeba,7,0.793184503,0.80035787
celeba,8,0.79867477,0.810804296
celeba,9,0.795657824,0.802115027
census,0,0.665383848,0.688780727
census,1,0.662598616,0.698038315
cover,0,0.87442249,0.886952005
cover,1,0.873589935,0.869884835
census,2,0.65969755,0.694018434
census,3,0.67157995,0.688240549
census,7,0.659271599,0.679783178
census,4,0.664661067,0.700210324
census,5,0.660508597,0.685380971
census,8,0.675151593,0.688499025
census,6,0.677935164,0.696084891
census,9,0.644995421,0.676879836
cover,2,0.879027212,0.873500772
cover,3,0.882015366,0.882134315
cover,4,0.909057852,0.884654544
cover,5,0.875715267,0.899975565
cover,6,0.881675009,0.909318908
cover,7,0.872899688,0.90482973
cover,8,0.834556865,0.852035141
cover,9,0.899459825,0.863796798
donors,3,0.729058449,0.788607078
fraud,0,0.943153434,0.950347322
fraud,1,0.9422027,0.952083777
donors,1,0.721274343,0.778032849
donors,0,0.745346491,0.813343636
donors,2,0.7379403,0.830335356
donors,5,0.732009264,0.747663954
donors,4,0.740445523,0.799771269
donors,7,0.725364277,0.814070716
donors,8,0.727234066,0.799669764
donors,6,0.736917503,0.757691911
donors,9,0.738031533,0.769980848
fraud,2,0.945987575,0.948863243
fraud,3,0.943506665,0.952074709
fraud,4,0.943805812,0.952157382
fraud,5,0.940440831,0.950118235
fraud,6,0.944874895,0.950927297
fraud,7,0.944151955,0.953590011
fraud,8,0.943405241,0.952662157
fraud,9,0.941073053,0.952099945
insects,0,0.749407155,0.761987818
insects,1,0.748632694,0.792254925
insects,2,0.741993632,0.775650722
http,0,0.933540966,0.956039459
http,1,0.95248472,0.763985621
http,2,0.959357595,0.953546139
http,3,0.939508262,0.979978637
http,4,0.94890291,0.955925431
http,5,0.950623723,0.942583216
http,6,0.944684836,0.979970853
insects,3,0.753775023,0.800537005
mammography,0,0.869815633,0.869543095
mammography,1,0.875878703,0.858106395
mammography,2,0.873962845,0.86125853
mammography,3,0.862980373,0.87504419
mammography,4,0.868927246,0.883236502
mammography,5,0.874593835,0.851644026
http,7,0.931534038,0.925588851
mammography,6,0.863393756,0.860663455
mammography,7,0.865554687,0.863565941
mammography,8,0.865478982,0.865555743
http,8,0.919992121,0.959068725
mammography,9,0.869700491,0.856828921
http,9,0.950857867,0.968161552
insects,4,0.759687768,0.818756633
insects,5,0.751234405,0.795726146
insects,6,0.756512006,0.775830446
insects,7,0.759426803,0.801113352
insects,8,0.760888857,0.79244622
insects,9,0.757682956,0.791863982
nyc_taxi,0,0.613580865,0.629600681
nyc_taxi,1,0.621519695,0.60626024
nyc_taxi,2,0.610357891,0.626878734
nyc_taxi,3,0.612181516,0.615635602
nyc_taxi,4,0.609374428,0.626982181
nyc_taxi,5,0.577347192,0.606105784
nyc_taxi,6,0.600238377,0.621567652
nyc_taxi,7,0.62024372,0.607608962
nyc_taxi,8,0.60067295,0.621709332
nyc_taxi,9,0.628126297,0.606362066
nyc_taxi_shingle,0,0.664493435,0.639249673
nyc_taxi_shingle,1,0.661369292,0.652565552
nyc_taxi_shingle,2,0.655723226,0.646608892
nyc_taxi_shingle,3,0.651795103,0.636267511
nyc_taxi_shingle,4,0.653712508,0.68607828
nyc_taxi_shingle,5,0.662390746,0.645590696
nyc_taxi_shingle,6,0.653653302,0.648632256
nyc_taxi_shingle,7,0.668953649,0.660195703
nyc_taxi_shingle,8,0.669602428,0.650406531
mulcross,0,0.977469253,0.93978106
mulcross,2,0.974796009,0.95291945
mulcross,1,0.978049698,0.950554963
nyc_taxi_shingle,9,0.667011718,0.671959762
mulcross,4,0.982692853,0.94277612
mulcross,3,0.981735895,0.940388729
mulcross,5,0.981800553,0.945453508
shuttle,0,0.997489829,0.995750662
shuttle,1,0.998405716,0.997811361
shuttle,2,0.997915127,0.994411394
shuttle,3,0.997026012,0.997949625
shuttle,4,0.996462653,0.99754836
shuttle,5,0.997457165,0.997229383
shuttle,6,0.997123968,0.997527554
shuttle,7,0.996048239,0.99721377
shuttle,8,0.996781892,0.997838865
shuttle,9,0.996750521,0.996300381
mulcross,6,0.975335013,0.958316545
smtp,1,0.903221342,0.888366307
smtp,0,0.894493794,0.787116736
mulcross,7,0.979476119,0.959230257
smtp,2,0.882517398,0.79915901
smtp,4,0.8963042,0.896750976
smtp,3,0.880277912,0.80036075
mulcross,8,0.981880045,0.948425776
smtp,5,0.900006833,0.793586752
mulcross,9,0.981080796,0.95123865
smtp,6,0.887993644,0.892529732
smtp,7,0.886907365,0.897937823
smtp,8,0.890343334,0.793277162
smtp,9,0.896134951,0.787725578
