dataset,run,AUC_Original,AUC_k2,AUC_k4,AUC_k5
Friday-WorkingHours-Morning,8,0.502019086,0.553817,0.569323478,0.544769736
Friday-WorkingHours-Morning,1,0.562617259,0.583808504,0.561054657,0.508441716
Friday-WorkingHours-Morning,0,0.499439566,0.588695538,0.542153903,0.570787316
Friday-WorkingHours-Morning,2,0.573466076,0.568987344,0.565288711,0.604784127
Friday-WorkingHours-Morning,4,0.574802657,0.574060396,0.614401654,0.587320893
Friday-WorkingHours-Morning,5,0.571829603,0.573450175,0.597258645,0.547213454
Friday-WorkingHours-Morning,7,0.497589589,0.58337735,0.581477722,0.594006168
Friday-WorkingHours-Morning,9,0.536919036,0.583218996,0.541991689,0.578885818
Friday-WorkingHours-Morning,3,0.573635612,0.586158758,0.586045427,0.542822119
Friday-WorkingHours-Morning,6,0.551815417,0.605940095,0.56282382,0.586911756
Thursday-WorkingHours-Afternoon-Infilteration,1,0.926012834,0.926047681,0.940962331,0.927390239
Thursday-WorkingHours-Afternoon-Infilteration,0,0.929971345,0.937712882,0.925707637,0.927454205
Thursday-WorkingHours-Morning-WebAttacks,0,0.610273597,0.609406708,0.622380082,0.62572918
Thursday-WorkingHours-Morning-WebAttacks,1,0.601618592,0.673543575,0.685844763,0.688500732
Thursday-WorkingHours-Morning-WebAttacks,2,0.611215364,0.684797957,0.668897116,0.632182764
Thursday-WorkingHours-Morning-WebAttacks,3,0.595507092,0.654793382,0.634129136,0.620617894
Thursday-WorkingHours-Afternoon-Infilteration,2,0.923591137,0.902000467,0.925156059,0.92851154
Thursday-WorkingHours-Afternoon-Infilteration,6,0.918088111,0.92093591,0.918995471,0.929625526
Thursday-WorkingHours-Afternoon-Infilteration,4,0.91911113,0.925227148,0.930869994,0.928961322
Thursday-WorkingHours-Afternoon-Infilteration,7,0.923014098,0.918011872,0.925406002,0.926539962
Thursday-WorkingHours-Afternoon-Infilteration,9,0.913759379,0.925686508,0.91982101,0.927177645
Thursday-WorkingHours-Afternoon-Infilteration,3,0.920707337,0.928014109,0.936497437,0.92751278
Thursday-WorkingHours-Afternoon-Infilteration,8,0.920073888,0.924094344,0.928155325,0.93026191
Thursday-WorkingHours-Afternoon-Infilteration,5,0.91139592,0.92411658,0.922909654,0.927808399
Thursday-WorkingHours-Morning-WebAttacks,4,0.600169611,0.647464974,0.669144469,0.682172092
Thursday-WorkingHours-Morning-WebAttacks,5,0.626390185,0.632191451,0.618773157,0.6079315
Thursday-WorkingHours-Morning-WebAttacks,6,0.657937942,0.657195635,0.654807174,0.639773527
Thursday-WorkingHours-Morning-WebAttacks,7,0.650100117,0.628863161,0.590831716,0.668329397
Thursday-WorkingHours-Morning-WebAttacks,8,0.62122978,0.62162392,0.648459611,0.653451012
Thursday-WorkingHours-Morning-WebAttacks,9,0.645509133,0.713845576,0.626946641,0.650879209
backdoor,0,0.641695672,0.591488846,0.591488846,0.591488846
backdoor,1,0.59692984,0.587421476,0.587421476,0.587421476
backdoor,2,0.667320371,0.699663691,0.699663691,0.699663691
backdoor,3,0.556445505,0.639609392,0.639609392,0.639609392
Tuesday-WorkingHours,1,0.630216913,0.616957804,0.632128569,0.628242328
Tuesday-WorkingHours,0,0.635961087,0.645900947,0.646655353,0.624502202
Tuesday-WorkingHours,4,0.631925899,0.608869497,0.631477296,0.634837413
Tuesday-WorkingHours,5,0.644105801,0.63521148,0.646745279,0.666315891
Tuesday-WorkingHours,2,0.621868859,0.66190874,0.641309182,0.645306123
Tuesday-WorkingHours,3,0.616454299,0.624803448,0.613031921,0.640329933
backdoor,5,0.638009869,0.68025257,0.68025257,0.68025257
backdoor,4,0.6077242,0.673543916,0.673543916,0.673543916
campaign,0,0.698532259,0.736429463,0.744841223,0.743852743
campaign,1,0.718033049,0.744270604,0.752221332,0.714519755
Tuesday-WorkingHours,6,0.669449617,0.632494606,0.628958698,0.652274777
Tuesday-WorkingHours,7,0.635253389,0.627868892,0.622225181,0.643823624
campaign,2,0.70235486,0.731439893,0.767943146,0.710101197
campaign,3,0.71292203,0.725774248,0.727952656,0.709168478
campaign,4,0.702485819,0.723311449,0.732370981,0.749013269
campaign,5,0.710254745,0.736721551,0.729768626,0.736619442
campaign,6,0.720917464,0.728398981,0.704947184,0.747257604
campaign,7,0.716774527,0.732037312,0.721655402,0.759569613
backdoor,6,0.592345483,0.656551432,0.656551432,0.656551432
backdoor,7,0.657201889,0.64865039,0.64865039,0.64865039
backdoor,8,0.590480978,0.573189986,0.573189986,0.573189986
backdoor,9,0.638122382,0.597778171,0.597778171,0.597778171
campaign,8,0.697995217,0.71268126,0.73139551,0.741791897
campaign,9,0.703140282,0.72104074,0.722234308,0.731006691
Tuesday-WorkingHours,8,0.608850976,0.620419587,0.638636934,0.639477995
Tuesday-WorkingHours,9,0.624025349,0.633105379,0.657045063,0.637394779
celeba,0,0.786387676,0.840945652,0.847517743,0.848264486
celeba,1,0.79228672,0.845408283,0.851496593,0.847905154
celeba,2,0.788404838,0.840959448,0.845337321,0.853799562
celeba,3,0.796959935,0.84548431,0.84292598,0.844781769
celeba,4,0.789925657,0.838088852,0.844223372,0.850011178
celeba,5,0.796903172,0.83583626,0.852411528,0.844369198
celeba,6,0.793679628,0.835891575,0.847126556,0.85304518
celeba,7,0.793184503,0.844023915,0.849738077,0.848815789
celeba,8,0.79867477,0.822801508,0.844202015,0.853042263
celeba,9,0.795657824,0.839079937,0.849255375,0.847651263
census,0,0.665383848,0.669701709,0.669701709,0.669701709
census,1,0.662598616,0.656431539,0.656431539,0.656431539
cover,0,0.87442249,0.857133498,0.879937119,0.873292533
cover,1,0.873589935,0.905011862,0.870558197,0.816531568
census,2,0.65969755,0.666903062,0.666903062,0.666903062
census,3,0.67157995,0.672399091,0.672399091,0.672399091
census,4,0.664661067,0.674442589,0.674442589,0.674442589
census,5,0.660508597,0.668336067,0.668336067,0.668336067
census,6,0.677935164,0.657641177,0.657641177,0.657641177
census,7,0.659271599,0.665250862,0.665250862,0.665250862
census,8,0.675151593,0.657522377,0.657522377,0.657522377
census,9,0.644995421,0.649317519,0.649317519,0.649317519
cover,2,0.879027212,0.819375172,0.842276843,0.890471714
cover,3,0.882015366,0.866834252,0.888490999,0.846102185
cover,4,0.909057852,0.849078058,0.867507242,0.837536014
cover,5,0.875715267,0.887417142,0.887517853,0.913928187
cover,6,0.881675009,0.88669087,0.895713165,0.900420096
cover,7,0.872899688,0.893896328,0.887685263,0.890806714
cover,8,0.834556865,0.810063065,0.876286568,0.837738952
cover,9,0.899459825,0.831794486,0.849137904,0.83143973
donors,1,0.721274343,0.881594853,0.865389956,0.84744813
donors,0,0.745346491,0.88402873,0.862629964,0.857313812
donors,2,0.7379403,0.879234848,0.877466248,0.847907756
donors,3,0.729058449,0.887206239,0.854884162,0.858076622
fraud,0,0.943153434,0.950790986,0.952558524,0.949394744
fraud,1,0.9422027,0.951662804,0.952276989,0.949240547
donors,4,0.740445523,0.875499601,0.865243547,0.85126655
donors,5,0.732009264,0.890664875,0.855823547,0.861227829
donors,6,0.736917503,0.886104941,0.870636,0.865737159
donors,7,0.725364277,0.887528935,0.857788005,0.860960267
donors,9,0.738031533,0.885021385,0.870002587,0.863674736
donors,8,0.727234066,0.889196244,0.858068546,0.873585565
fraud,2,0.945987575,0.95113878,0.950199667,0.954969293
fraud,3,0.943506665,0.952074212,0.947778643,0.949282393
fraud,5,0.940440831,0.949687353,0.952445208,0.951650337
fraud,4,0.943805812,0.952633387,0.951336678,0.943638411
fraud,6,0.944874895,0.944263577,0.952253526,0.952610403
fraud,7,0.944151955,0.952937659,0.951115911,0.945206751
fraud,8,0.943405241,0.945017943,0.951443156,0.946833618
fraud,9,0.941073053,0.947251538,0.951904313,0.951000611
insects,0,0.749407155,0.802688686,0.807339955,0.793724518
insects,1,0.748632694,0.790338152,0.803931524,0.806739393
http,1,0.95248472,0.945721668,0.94708755,0.944370071
http,0,0.933540966,0.944092785,0.945362605,0.944092785
http,3,0.939508262,0.930862631,0.982017873,0.979738059
http,2,0.959357595,0.953854768,0.9543873,0.953500767
insects,2,0.741993632,0.773978566,0.801863248,0.803162564
http,4,0.94890291,0.938758592,0.935780578,0.929513156
http,5,0.950623723,0.946706537,0.954937595,0.976051429
http,6,0.944684836,0.952311466,0.951231965,0.988420713
insects,3,0.753775023,0.782534513,0.810204679,0.798822269
http,7,0.931534038,0.95162417,0.955096488,0.955062908
http,8,0.919992121,0.921603499,0.916584787,0.925758885
mammography,0,0.869815633,0.878455834,0.876373073,0.871842759
mammography,1,0.875878703,0.868183227,0.852824668,0.871750153
http,9,0.950857867,0.927361808,0.927471206,0.926764161
mammography,2,0.873962845,0.860520145,0.876874133,0.866669836
mammography,3,0.862980373,0.873107205,0.88433827,0.879187177
mammography,4,0.868927246,0.888262241,0.882755512,0.889708026
mammography,5,0.874593835,0.865877929,0.873326045,0.860067324
mammography,6,0.863393756,0.86418672,0.870039226,0.869323728
mammography,7,0.865554687,0.88033965,0.865774055,0.861055007
mammography,8,0.865478982,0.878929781,0.886724202,0.884594258
mammography,9,0.869700491,0.866950471,0.86326453,0.857191952
insects,4,0.759687768,0.782733844,0.786137504,0.801086859
insects,5,0.751234405,0.80836411,0.806979165,0.795911589
insects,6,0.756512006,0.803764812,0.796252823,0.802539536
insects,7,0.759426803,0.794605416,0.800601203,0.797850174
insects,8,0.760888857,0.804901824,0.79772809,0.793262362
insects,9,0.757682956,0.789423779,0.787703747,0.799900114
nyc_taxi,0,0.613580865,0.629600681,0.629600681,0.629600681
nyc_taxi,1,0.621519695,0.60626024,0.60626024,0.60626024
nyc_taxi,2,0.610357891,0.626878734,0.626878734,0.626878734
nyc_taxi,3,0.612181516,0.615635602,0.615635602,0.615635602
nyc_taxi,4,0.609374428,0.626982181,0.626982181,0.626982181
nyc_taxi,5,0.577347192,0.606105784,0.606105784,0.606105784
nyc_taxi,6,0.600238377,0.621567652,0.621567652,0.621567652
nyc_taxi,7,0.62024372,0.607608962,0.607608962,0.607608962
nyc_taxi,8,0.60067295,0.621709332,0.621709332,0.621709332
nyc_taxi,9,0.628126297,0.606362066,0.606362066,0.606362066
nyc_taxi_shingle,0,0.664493435,0.66660647,0.651046497,0.629300893
nyc_taxi_shingle,1,0.661369292,0.656513986,0.684505,0.65320226
nyc_taxi_shingle,2,0.655723226,0.673661802,0.645153833,0.657348815
nyc_taxi_shingle,3,0.651795103,0.656976524,0.643274174,0.645016835
mulcross,0,0.977469253,0.987892511,0.985174222,0.981385171
nyc_taxi_shingle,4,0.653712508,0.651166826,0.651402501,0.664917843
mulcross,1,0.978049698,0.988565339,0.987014635,0.983005362
mulcross,2,0.974796009,0.988488041,0.984088437,0.981761581
nyc_taxi_shingle,5,0.662390746,0.641127991,0.658893546,0.641202334
mulcross,4,0.982692853,0.987796833,0.983431913,0.982625577
mulcross,3,0.981735895,0.986941712,0.98238283,0.982577719
mulcross,5,0.981800553,0.989493367,0.982713567,0.982587501
nyc_taxi_shingle,6,0.653653302,0.644913367,0.645366325,0.655267203
nyc_taxi_shingle,7,0.668953649,0.672774664,0.622489669,0.648881919
nyc_taxi_shingle,8,0.669602428,0.647136959,0.636483068,0.656763074
nyc_taxi_shingle,9,0.667011718,0.669917046,0.646751256,0.643901685
shuttle,0,0.997489829,0.993604062,0.99643455,0.997261304
shuttle,1,0.998405716,0.996082297,0.991784143,0.995893771
shuttle,2,0.997915127,0.995723321,0.996742262,0.997586391
shuttle,3,0.997026012,0.996688679,0.997564936,0.998372577
shuttle,4,0.996462653,0.995165441,0.996094636,0.99665947
shuttle,5,0.997457165,0.995961414,0.996674646,0.996003922
shuttle,6,0.997123968,0.997183967,0.997269395,0.997458408
shuttle,7,0.996048239,0.995119406,0.997627784,0.997575657
shuttle,8,0.996781892,0.995983479,0.996476168,0.997438433
shuttle,9,0.996750521,0.995834609,0.997363033,0.997336154
mulcross,6,0.975335013,0.988558969,0.981284958,0.982343443
mulcross,7,0.979476119,0.990461382,0.984999562,0.980929251
smtp,0,0.894493794,0.895458655,0.915023232,0.906869135
smtp,1,0.903221342,0.916967846,0.879602317,0.887733112
smtp,3,0.880277912,0.910062969,0.913748257,0.885262529
smtp,2,0.882517398,0.89028061,0.912631843,0.914420523
smtp,4,0.8963042,0.91047961,0.910114305,0.909186062
smtp,5,0.900006833,0.88511483,0.916323963,0.88511483
mulcross,8,0.981880045,0.990422105,0.984315526,0.983026044
mulcross,9,0.981080796,0.986404701,0.985121768,0.981161153
smtp,6,0.887993644,0.912699998,0.904853738,0.912699998
smtp,7,0.886907365,0.903310346,0.90148645,0.920831318
smtp,8,0.890343334,0.893417327,0.8953481,0.921149843
smtp,9,0.896134951,0.912101844,0.904969024,0.912101844
